Dia;       Friday, 03. February 2023;  Hora de Inicio;    07:34:33
Hora [HH:MM:SS]; Temperatura[Celsius];  Humedad[%];  OK?[I/O]
07:34:58; 17.70; 38.00;  0
07:35:08; 17.80; 38.00;  0
07:35:19; 17.80; 39.00;  0
07:35:29; 17.90; 38.00;  0
07:35:40; 18.00; 37.00;  0
07:35:50; 18.00; 36.00;  0
07:36:01; 18.10; 35.00;  0
07:36:12; 18.10; 35.00;  0
07:36:22; 18.10; 35.00;  0
07:36:33; 18.10; 35.00;  0
07:36:43; 18.10; 35.00;  0
07:36:54; 18.10; 34.00;  0
07:37:04; 18.20; 34.00;  0
07:37:15; 18.10; 34.00;  0
07:37:25; 19.90; 77.00;  1
07:37:36; 20.30; 78.00;  1
07:37:46; 19.40; 77.00;  1
07:37:57; 18.80; 77.00;  1
07:38:08; 18.50; 77.00;  1
07:38:19; 18.50; 75.00;  1
07:38:29; 18.50; 58.00;  0
07:38:40; 18.60; 48.00;  0
07:38:50; 18.60; 44.00;  0
07:39:00; 18.60; 41.00;  0
07:39:10; 18.60; 39.00;  0
07:39:21; 18.60; 38.00;  0
07:39:32; 18.60; 37.00;  0
07:39:42; 18.60; 37.00;  0
07:39:53; 18.60; 37.00;  0
07:40:03; 18.60; 36.00;  0
07:40:14; 18.60; 36.00;  0
07:40:24; 18.70; 35.00;  0
07:40:35; 18.70; 35.00;  0
07:40:45; 18.70; 35.00;  0
07:40:56; 18.70; 35.00;  0
07:41:06; 18.70; 35.00;  0
07:41:17; 18.70; 35.00;  0
07:41:27; 18.70; 34.00;  0
07:41:38; 18.70; 34.00;  0
07:41:48; 18.80; 34.00;  0
07:41:59; 18.80; 35.00;  0
07:42:09; 18.80; 35.00;  0
07:42:20; 18.80; 34.00;  0
07:42:30; 18.80; 34.00;  0
07:42:41; 18.90; 34.00;  0
07:42:51; 18.90; 34.00;  0
07:43:02; 18.90; 33.00;  0
07:43:13; 18.90; 33.00;  0
07:43:23; 18.90; 34.00;  0
07:43:34; 18.90; 34.00;  0
07:43:44; 18.90; 34.00;  0
07:43:55; 18.90; 34.00;  0
07:44:05; 18.90; 33.00;  0
07:44:16; 18.90; 34.00;  0
07:44:26; 19.00; 33.00;  0
07:44:37; 19.00; 33.00;  0
07:44:47; 19.00; 33.00;  0
07:44:58; 18.90; 33.00;  0
07:45:08; 18.90; 33.00;  0
07:45:19; 19.00; 34.00;  0
07:45:29; 19.00; 33.00;  0
07:45:40; 19.00; 33.00;  0
07:45:50; 19.00; 33.00;  0
07:46:01; 19.00; 33.00;  0
07:46:12; 19.00; 33.00;  0
07:46:22; 19.10; 33.00;  0
07:46:33; 19.10; 33.00;  0
07:46:43; 19.10; 33.00;  0
07:46:54; 19.20; 33.00;  0
07:47:04; 19.20; 33.00;  0
07:47:15; 19.20; 32.00;  0
07:47:25; 19.20; 33.00;  0
07:47:36; 19.30; 32.00;  0
07:47:46; 19.30; 33.00;  0
07:47:57; 19.30; 33.00;  0
07:48:07; 19.30; 32.00;  0
07:48:18; 19.30; 33.00;  0
07:48:28; 19.30; 33.00;  0
07:48:39; 19.30; 33.00;  0
07:48:49; 19.40; 33.00;  0
07:49:00; 19.40; 32.00;  0
07:49:10; 19.40; 32.00;  0
07:49:21; 19.40; 32.00;  0
07:49:32; 19.40; 32.00;  0
07:49:42; 19.40; 32.00;  0
07:49:53; 19.40; 31.00;  0
07:50:03; 19.40; 31.00;  0
07:50:14; 19.40; 31.00;  0
07:50:24; 19.30; 31.00;  0
07:50:35; 19.30; 32.00;  0
07:50:45; 19.50; 31.00;  0
07:50:56; 19.40; 31.00;  0
07:51:06; 19.50; 31.00;  0
07:51:17; 19.40; 32.00;  0
07:51:27; 19.50; 31.00;  0
07:51:38; 19.50; 31.00;  0
07:51:48; 19.50; 31.00;  0
07:51:59; 19.50; 31.00;  0
07:52:09; 19.60; 31.00;  0
07:52:20; 19.60; 32.00;  0
07:52:30; 19.60; 32.00;  0
07:52:41; 19.60; 31.00;  0
07:52:51; 19.60; 31.00;  0
07:53:02; 19.60; 31.00;  0
07:53:13; 19.60; 32.00;  0
07:53:23; 19.60; 32.00;  0
07:53:34; 19.60; 32.00;  0
07:53:44; 19.60; 32.00;  0
07:53:55; 19.70; 32.00;  0
07:54:05; 19.70; 32.00;  0
07:54:16; 19.70; 32.00;  0
07:54:26; 19.70; 32.00;  0
07:54:37; 19.70; 31.00;  0
07:54:47; 19.70; 31.00;  0
07:54:58; 19.70; 30.00;  0
07:55:08; 19.70; 30.00;  0
07:55:19; 19.70; 30.00;  0
07:55:29; 19.60; 30.00;  0
07:55:40; 19.70; 30.00;  0
07:55:50; 19.70; 30.00;  0
07:56:01; 19.70; 33.00;  0
07:56:12; 19.80; 34.00;  0
07:56:22; 19.80; 32.00;  0
07:56:33; 19.80; 32.00;  0
07:56:43; 19.80; 31.00;  0
07:56:54; 19.80; 31.00;  0
07:57:04; 19.80; 30.00;  0
07:57:15; 19.80; 30.00;  0
07:57:25; 19.80; 30.00;  0
07:57:36; 19.80; 31.00;  0
07:57:46; 19.80; 30.00;  0
07:57:57; 19.80; 31.00;  0
07:58:07; 19.80; 31.00;  0
07:58:18; 19.90; 30.00;  0
07:58:28; 19.90; 30.00;  0
07:58:39; 19.90; 31.00;  0
07:58:49; 19.90; 31.00;  0
07:59:00; 19.90; 31.00;  0
07:59:10; 19.90; 31.00;  0
07:59:21; 20.00; 30.00;  0
07:59:32; 20.00; 30.00;  0
07:59:42; 20.00; 29.00;  0
07:59:53; 20.00; 31.00;  0
08:00:04; 20.00; 30.00;  0
08:00:14; 20.10; 30.00;  0
08:00:25; 20.00; 30.00;  0
08:00:35; 20.10; 30.00;  0
08:00:46; 20.10; 30.00;  0
08:00:56; 20.10; 30.00;  0
08:01:06; 20.10; 29.00;  0
08:01:16; 20.10; 29.00;  0
08:01:27; 20.10; 29.00;  0
08:01:37; 20.10; 29.00;  0
08:01:48; 20.00; 29.00;  0
08:01:58; 20.10; 29.00;  0
08:02:09; 20.10; 29.00;  0
08:02:19; 20.10; 29.00;  0
08:02:29; 20.00; 29.00;  0
08:02:39; 20.10; 29.00;  0
08:02:50; 20.10; 29.00;  0
08:03:00; 20.10; 29.00;  0
08:03:10; 20.10; 29.00;  0
08:03:20; 20.10; 29.00;  0
08:03:31; 20.10; 29.00;  0
08:03:42; 20.10; 29.00;  0
08:03:52; 20.10; 28.00;  0
08:04:03; 20.20; 28.00;  0
08:04:13; 20.10; 28.00;  0
08:04:23; 20.20; 28.00;  0
08:04:33; 20.10; 29.00;  0
08:04:44; 20.20; 29.00;  0
08:04:54; 20.10; 29.00;  0
08:05:04; 20.10; 29.00;  0
08:05:14; 20.20; 29.00;  0
08:05:25; 20.10; 29.00;  0
08:05:35; 20.20; 29.00;  0
08:05:46; 20.20; 29.00;  0
08:05:56; 20.20; 29.00;  0
08:06:07; 20.20; 29.00;  0
08:06:17; 20.20; 29.00;  0
08:06:27; 20.20; 29.00;  0
08:06:37; 20.20; 29.00;  0
08:06:48; 20.10; 28.00;  0
08:06:58; 20.20; 28.00;  0
08:07:08; 20.10; 28.00;  0
08:07:18; 20.10; 28.00;  0
08:07:29; 20.20; 28.00;  0
08:07:39; 20.20; 28.00;  0
08:07:50; 20.30; 29.00;  0
08:08:01; 20.20; 28.00;  0
08:08:11; 20.30; 29.00;  0
08:08:21; 20.20; 28.00;  0
08:08:31; 20.20; 28.00;  0
08:08:42; 20.20; 28.00;  0
08:08:52; 20.20; 28.00;  0
08:09:02; 20.20; 28.00;  0
08:09:12; 20.20; 28.00;  0
08:09:23; 20.20; 28.00;  0
08:09:33; 20.20; 28.00;  0
08:09:44; 20.30; 29.00;  0
08:09:54; 20.20; 28.00;  0
08:10:05; 20.20; 28.00;  0
08:10:15; 20.20; 28.00;  0
08:10:25; 20.20; 28.00;  0
08:10:35; 20.20; 28.00;  0
08:10:46; 20.20; 28.00;  0
08:10:56; 20.30; 29.00;  0
08:11:06; 20.30; 29.00;  0
08:11:16; 20.30; 29.00;  0
08:11:27; 20.30; 29.00;  0
08:11:37; 20.40; 29.00;  0
08:11:48; 20.40; 29.00;  0
08:11:58; 20.40; 29.00;  0
08:12:09; 20.40; 29.00;  0
08:12:19; 20.40; 29.00;  0
08:12:29; 20.40; 29.00;  0
08:12:39; 20.30; 29.00;  0
08:12:50; 20.30; 29.00;  0
08:13:00; 20.30; 29.00;  0
08:13:10; 20.30; 29.00;  0
08:13:20; 20.40; 29.00;  0
08:13:31; 20.40; 29.00;  0
08:13:42; 20.40; 29.00;  0
08:13:52; 20.40; 29.00;  0
08:14:03; 20.40; 29.00;  0
08:14:13; 20.40; 29.00;  0
08:14:23; 20.40; 29.00;  0
08:14:33; 20.40; 29.00;  0
08:14:44; 20.40; 29.00;  0
08:14:54; 20.40; 29.00;  0
08:15:04; 20.40; 28.00;  0
08:15:14; 20.40; 28.00;  0
08:15:25; 20.40; 28.00;  0
08:15:35; 20.40; 28.00;  0
08:15:46; 20.40; 28.00;  0
08:15:56; 20.30; 28.00;  0
08:16:06; 20.30; 28.00;  0
08:16:16; 20.30; 28.00;  0
08:16:27; 20.40; 28.00;  0
08:16:37; 20.40; 28.00;  0
08:16:48; 20.40; 28.00;  0
08:16:58; 20.40; 28.00;  0
08:17:09; 20.40; 28.00;  0
08:17:19; 20.40; 28.00;  0
08:17:29; 20.40; 28.00;  0
08:17:39; 20.40; 28.00;  0
08:17:50; 20.40; 28.00;  0
08:18:00; 20.40; 29.00;  0
08:18:10; 20.50; 29.00;  0
08:18:20; 20.50; 29.00;  0
08:18:31; 20.50; 29.00;  0
08:18:42; 20.50; 29.00;  0
08:18:52; 20.60; 29.00;  0
08:19:03; 20.60; 29.00;  0
08:19:13; 20.60; 29.00;  0
08:19:23; 20.60; 29.00;  0
08:19:33; 20.60; 29.00;  0
08:19:44; 20.60; 29.00;  0
08:19:54; 20.60; 29.00;  0
08:20:04; 20.60; 29.00;  0
08:20:14; 20.60; 29.00;  0
08:20:25; 20.70; 29.00;  0
08:20:35; 20.60; 29.00;  0
08:20:46; 20.60; 29.00;  0
08:20:56; 20.60; 28.00;  0
08:21:07; 20.70; 28.00;  0
08:21:17; 20.60; 28.00;  0
08:21:27; 20.70; 28.00;  0
08:21:37; 20.70; 28.00;  0
08:21:48; 20.80; 28.00;  0
08:21:58; 20.80; 28.00;  0
08:22:08; 20.80; 28.00;  0
08:22:18; 20.80; 28.00;  0
08:22:29; 20.80; 28.00;  0
08:22:39; 20.90; 28.00;  0
08:22:50; 20.90; 28.00;  0
08:23:01; 20.80; 28.00;  0
08:23:11; 20.80; 28.00;  0
08:23:21; 20.70; 28.00;  0
08:23:31; 20.80; 28.00;  0
08:23:42; 20.80; 28.00;  0
08:23:52; 20.80; 28.00;  0
08:24:02; 20.80; 28.00;  0
08:24:12; 20.90; 28.00;  0
08:24:23; 20.80; 28.00;  0
08:24:33; 20.80; 28.00;  0
08:24:44; 20.80; 28.00;  0
08:24:54; 20.80; 28.00;  0
08:25:05; 20.80; 28.00;  0
08:25:15; 20.80; 28.00;  0
08:25:25; 20.80; 28.00;  0
08:25:35; 20.80; 28.00;  0
08:25:46; 20.80; 28.00;  0
08:25:56; 20.80; 28.00;  0
08:26:06; 20.80; 28.00;  0
08:26:16; 20.80; 28.00;  0
08:26:27; 20.80; 28.00;  0
08:26:37; 20.80; 28.00;  0
08:26:48; 20.80; 28.00;  0
08:26:58; 20.90; 28.00;  0
08:27:09; 20.90; 28.00;  0
08:27:19; 20.90; 28.00;  0
08:27:29; 20.90; 29.00;  0
08:27:39; 20.90; 28.00;  0
08:27:50; 20.90; 28.00;  0
08:28:00; 21.00; 28.00;  0
08:28:10; 20.90; 28.00;  0
08:28:20; 20.90; 28.00;  0
08:28:31; 20.90; 28.00;  0
08:28:42; 21.00; 28.00;  0
08:28:52; 21.00; 28.00;  0
08:29:03; 21.00; 28.00;  0
08:29:13; 21.00; 28.00;  0
08:29:23; 21.00; 28.00;  0
08:29:33; 21.00; 28.00;  0
08:29:44; 21.00; 28.00;  0
08:29:54; 21.00; 28.00;  0
08:30:04; 21.00; 28.00;  0
08:30:14; 21.00; 28.00;  0
08:30:25; 21.00; 28.00;  0
08:30:35; 21.00; 28.00;  0
08:30:46; 21.00; 28.00;  0
08:30:56; 21.00; 28.00;  0
08:31:06; 21.00; 28.00;  0
08:31:16; 21.00; 28.00;  0
08:31:27; 21.20; 28.00;  0
08:31:37; 21.10; 28.00;  0
08:31:48; 21.10; 28.00;  0
08:31:58; 21.10; 28.00;  0
08:32:09; 21.10; 28.00;  0
08:32:19; 21.10; 28.00;  0
08:32:29; 21.10; 28.00;  0
08:32:39; 21.10; 28.00;  0
08:32:50; 21.10; 28.00;  0
08:33:00; 21.10; 28.00;  0
08:33:10; 21.20; 28.00;  0
08:33:20; 21.20; 27.00;  0
08:33:31; 21.20; 27.00;  0
08:33:42; 21.20; 28.00;  0
08:33:52; 21.20; 28.00;  0
08:34:03; 21.20; 28.00;  0
08:34:13; 21.20; 28.00;  0
08:34:23; 21.20; 28.00;  0
08:34:33; 21.20; 27.00;  0
08:34:44; 21.20; 27.00;  0
08:34:54; 21.20; 27.00;  0
08:35:04; 21.20; 28.00;  0
08:35:14; 21.20; 28.00;  0
08:35:25; 21.20; 28.00;  0
08:35:35; 21.20; 28.00;  0
08:35:46; 21.20; 27.00;  0
08:35:56; 21.20; 27.00;  0
08:36:07; 21.20; 27.00;  0
08:36:17; 21.20; 27.00;  0
08:36:27; 21.20; 27.00;  0
08:36:37; 21.20; 27.00;  0
08:36:48; 21.20; 27.00;  0
08:36:58; 21.20; 27.00;  0
08:37:08; 21.20; 28.00;  0
08:37:18; 21.20; 27.00;  0
08:37:29; 21.20; 27.00;  0
08:37:39; 21.20; 28.00;  0
08:37:50; 21.20; 28.00;  0
08:38:01; 21.30; 29.00;  0
08:38:11; 21.20; 27.00;  0
08:38:21; 21.20; 27.00;  0
08:38:31; 21.20; 27.00;  0
08:38:42; 21.20; 28.00;  0
08:38:52; 21.20; 28.00;  0
08:39:02; 21.10; 28.00;  0
08:39:12; 21.10; 28.00;  0
08:39:23; 21.10; 28.00;  0
08:39:33; 21.10; 28.00;  0
08:39:44; 21.10; 28.00;  0
08:39:54; 21.10; 28.00;  0
08:40:05; 21.10; 28.00;  0
08:40:15; 21.10; 28.00;  0
08:40:25; 21.10; 28.00;  0
08:40:35; 21.10; 28.00;  0
08:40:46; 21.10; 28.00;  0
08:40:56; 21.10; 28.00;  0
08:41:06; 21.20; 28.00;  0
08:41:16; 21.20; 28.00;  0
08:41:27; 21.20; 28.00;  0
08:41:37; 21.20; 28.00;  0
08:41:48; 21.20; 28.00;  0
08:41:58; 21.30; 29.00;  0
08:42:09; 21.20; 28.00;  0
08:42:19; 21.30; 29.00;  0
08:42:29; 21.20; 28.00;  0
08:42:39; 21.30; 29.00;  0
08:42:50; 21.30; 29.00;  0
08:43:00; 21.20; 28.00;  0
08:43:10; 21.30; 29.00;  0
08:43:20; 21.30; 29.00;  0
08:43:31; 21.40; 29.00;  0
08:43:42; 21.30; 28.00;  0
08:43:52; 21.40; 28.00;  0
08:44:03; 21.40; 28.00;  0
08:44:13; 21.40; 28.00;  0
08:44:23; 21.40; 28.00;  0
08:44:33; 21.40; 28.00;  0
08:44:44; 21.40; 28.00;  0
08:44:54; 21.40; 28.00;  0
08:45:04; 21.40; 28.00;  0
08:45:14; 21.40; 28.00;  0
08:45:25; 21.40; 28.00;  0
08:45:35; 21.40; 28.00;  0
08:45:46; 21.40; 28.00;  0
08:45:56; 21.40; 28.00;  0
08:46:06; 21.30; 28.00;  0
08:46:16; 21.30; 28.00;  0
08:46:27; 21.30; 28.00;  0
08:46:37; 21.40; 28.00;  0
08:46:48; 21.30; 29.00;  0
08:46:58; 21.30; 28.00;  0
08:47:09; 21.30; 28.00;  0
08:47:19; 21.30; 28.00;  0
08:47:29; 21.30; 29.00;  0
08:47:39; 21.30; 29.00;  0
08:47:50; 21.20; 28.00;  0
08:48:00; 21.20; 28.00;  0
08:48:10; 21.30; 29.00;  0
08:48:20; 21.20; 28.00;  0
08:48:31; 21.30; 29.00;  0
08:48:42; 21.20; 28.00;  0
08:48:52; 21.20; 28.00;  0
08:49:03; 21.20; 28.00;  0
08:49:13; 21.30; 29.00;  0
08:49:23; 21.30; 29.00;  0
08:49:33; 21.30; 29.00;  0
08:49:44; 21.30; 29.00;  0
08:49:54; 21.30; 29.00;  0
08:50:04; 21.30; 29.00;  0
08:50:14; 21.30; 29.00;  0
08:50:25; 21.30; 29.00;  0
08:50:35; 21.30; 29.00;  0
08:50:46; 21.30; 29.00;  0
08:50:56; 21.30; 29.00;  0
08:51:07; 21.30; 29.00;  0
08:51:17; 21.40; 29.00;  0
08:51:27; 21.40; 29.00;  0
08:51:37; 21.30; 29.00;  0
08:51:48; 21.40; 29.00;  0
08:51:58; 21.30; 29.00;  0
08:52:08; 21.40; 29.00;  0
08:52:18; 21.40; 29.00;  0
08:52:29; 21.40; 28.00;  0
08:52:39; 21.40; 28.00;  0
08:52:50; 21.40; 28.00;  0
08:53:01; 21.50; 28.00;  0
08:53:11; 21.50; 28.00;  0
08:53:21; 21.50; 28.00;  0
08:53:31; 21.40; 28.00;  0
08:53:42; 21.40; 28.00;  0
08:53:52; 21.40; 28.00;  0
08:54:02; 21.40; 28.00;  0
08:54:12; 21.40; 28.00;  0
08:54:23; 21.40; 28.00;  0
08:54:33; 21.40; 28.00;  0
08:54:44; 21.40; 28.00;  0
08:54:54; 21.40; 28.00;  0
08:55:05; 21.40; 28.00;  0
08:55:15; 21.30; 29.00;  0
08:55:25; 21.40; 29.00;  0
08:55:35; 21.30; 29.00;  0
08:55:46; 21.40; 28.00;  0
08:55:56; 21.30; 29.00;  0
08:56:06; 21.40; 29.00;  0
08:56:16; 21.40; 29.00;  0
08:56:27; 21.30; 29.00;  0
08:56:37; 21.40; 29.00;  0
08:56:48; 21.40; 29.00;  0
08:56:58; 21.50; 28.00;  0
08:57:09; 21.40; 28.00;  0
08:57:19; 21.50; 28.00;  0
08:57:29; 21.50; 28.00;  0
08:57:39; 21.60; 28.00;  0
08:57:50; 21.60; 28.00;  0
08:58:00; 21.60; 28.00;  0
08:58:10; 21.60; 28.00;  0
08:58:20; 21.60; 28.00;  0
08:58:31; 21.60; 28.00;  0
08:58:42; 21.60; 28.00;  0
08:58:52; 21.60; 28.00;  0
08:59:03; 21.60; 28.00;  0
08:59:13; 21.60; 28.00;  0
08:59:23; 21.60; 28.00;  0
08:59:33; 21.60; 28.00;  0
08:59:44; 21.60; 28.00;  0
08:59:54; 21.60; 28.00;  0
09:00:04; 21.50; 28.00;  0
09:00:14; 21.60; 28.00;  0
09:00:25; 21.60; 28.00;  0
09:00:35; 21.60; 28.00;  0
09:00:46; 21.60; 28.00;  0
09:00:56; 21.60; 28.00;  0
09:01:06; 21.60; 28.00;  0
09:01:16; 21.60; 28.00;  0
09:01:27; 21.70; 28.00;  0
09:01:37; 21.70; 28.00;  0
09:01:48; 21.70; 28.00;  0
09:01:58; 21.70; 28.00;  0
09:02:09; 21.70; 28.00;  0
09:02:19; 21.70; 28.00;  0
09:02:29; 21.70; 28.00;  0
09:02:39; 21.70; 28.00;  0
09:02:50; 21.80; 27.00;  0
09:03:00; 21.70; 27.00;  0
09:03:10; 21.80; 27.00;  0
09:03:20; 21.80; 27.00;  0
09:03:31; 21.80; 27.00;  0
09:03:42; 21.80; 27.00;  0
09:03:52; 21.80; 27.00;  0
09:04:03; 21.70; 27.00;  0
09:04:13; 21.70; 27.00;  0
09:04:23; 21.70; 27.00;  0
09:04:33; 21.70; 27.00;  0
09:04:44; 21.80; 27.00;  0
09:04:54; 21.70; 27.00;  0
09:05:04; 21.70; 27.00;  0
09:05:14; 21.70; 27.00;  0
09:05:25; 21.80; 27.00;  0
09:05:35; 21.80; 27.00;  0
09:05:46; 21.80; 27.00;  0
09:05:56; 21.80; 27.00;  0
09:06:07; 21.90; 27.00;  0
09:06:17; 21.90; 27.00;  0
09:06:27; 21.80; 27.00;  0
09:06:37; 21.90; 27.00;  0
09:06:48; 21.80; 27.00;  0
09:06:58; 21.90; 27.00;  0
09:07:08; 21.80; 27.00;  0
09:07:18; 21.80; 27.00;  0
09:07:29; 21.90; 27.00;  0
09:07:39; 21.80; 27.00;  0
09:07:50; 21.80; 27.00;  0
09:08:01; 21.80; 27.00;  0
09:08:11; 21.80; 27.00;  0
09:08:21; 21.80; 27.00;  0
09:08:31; 21.80; 27.00;  0
09:08:42; 21.90; 27.00;  0
09:08:52; 21.80; 27.00;  0
09:09:02; 21.90; 27.00;  0
09:09:12; 21.90; 27.00;  0
09:09:23; 22.00; 27.00;  0
09:09:33; 21.90; 27.00;  0
09:09:44; 22.00; 27.00;  0
09:09:54; 21.90; 27.00;  0
09:10:05; 21.90; 27.00;  0
09:10:15; 22.00; 27.00;  0
09:10:25; 22.00; 27.00;  0
09:10:35; 22.00; 27.00;  0
09:10:46; 22.00; 26.00;  0
09:10:56; 22.00; 26.00;  0
09:11:06; 22.00; 26.00;  0
09:11:16; 22.00; 27.00;  0
09:11:27; 22.00; 27.00;  0
09:11:37; 22.00; 27.00;  0
09:11:48; 22.00; 27.00;  0
09:11:58; 22.00; 27.00;  0
09:12:09; 22.00; 27.00;  0
09:12:19; 22.00; 27.00;  0
09:12:29; 22.00; 27.00;  0
09:12:39; 22.00; 27.00;  0
09:12:50; 22.00; 27.00;  0
09:13:00; 22.00; 26.00;  0
09:13:10; 22.00; 26.00;  0
09:13:20; 22.00; 26.00;  0
09:13:31; 22.10; 26.00;  0
09:13:42; 22.00; 26.00;  0
09:13:52; 22.10; 26.00;  0
09:14:03; 22.10; 26.00;  0
09:14:13; 22.10; 26.00;  0
09:14:23; 22.10; 27.00;  0
09:14:33; 22.10; 27.00;  0
09:14:44; 22.10; 27.00;  0
09:14:54; 22.10; 27.00;  0
09:15:04; 22.10; 27.00;  0
09:15:14; 22.10; 27.00;  0
09:15:25; 22.10; 26.00;  0
09:15:35; 22.10; 26.00;  0
09:15:46; 22.10; 26.00;  0
09:15:56; 22.10; 26.00;  0
09:16:06; 22.20; 26.00;  0
09:16:16; 22.10; 26.00;  0
09:16:27; 22.20; 26.00;  0
09:16:37; 22.20; 26.00;  0
09:16:48; 22.20; 25.00;  0
09:16:58; 22.20; 26.00;  0
09:17:09; 22.20; 25.00;  0
09:17:19; 22.20; 25.00;  0
09:17:29; 22.20; 25.00;  0
09:17:39; 22.20; 25.00;  0
09:17:50; 22.30; 25.00;  0
09:18:00; 22.30; 25.00;  0
09:18:10; 22.20; 25.00;  0
09:18:20; 22.20; 25.00;  0
09:18:31; 22.30; 25.00;  0
09:18:42; 22.30; 25.00;  0
09:18:52; 22.30; 25.00;  0
09:19:03; 22.30; 25.00;  0
09:19:13; 22.30; 25.00;  0
09:19:23; 22.30; 25.00;  0
09:19:33; 22.30; 25.00;  0
09:19:44; 22.30; 25.00;  0
09:19:54; 22.30; 25.00;  0
09:20:04; 22.30; 25.00;  0
09:20:14; 22.30; 25.00;  0
09:20:25; 22.30; 25.00;  0
09:20:35; 22.30; 25.00;  0
09:20:46; 22.30; 25.00;  0
09:20:56; 22.20; 25.00;  0
09:21:07; 22.20; 25.00;  0
09:21:17; 22.20; 25.00;  0
09:21:27; 22.10; 25.00;  0
09:21:37; 22.10; 25.00;  0
09:21:48; 22.10; 25.00;  0
09:21:58; 22.20; 25.00;  0
09:22:08; 22.10; 25.00;  0
09:22:18; 22.10; 25.00;  0
09:22:29; 22.10; 25.00;  0
09:22:39; 22.10; 25.00;  0
09:22:50; 22.10; 25.00;  0
09:23:01; 22.10; 25.00;  0
09:23:11; 22.10; 25.00;  0
09:23:21; 22.20; 25.00;  0
09:23:31; 22.20; 25.00;  0
09:23:42; 22.20; 25.00;  0
09:23:52; 22.20; 25.00;  0
09:24:02; 22.20; 25.00;  0
09:24:12; 22.20; 25.00;  0
09:24:23; 22.30; 25.00;  0
09:24:33; 22.20; 25.00;  0
09:24:44; 22.30; 25.00;  0
09:24:54; 22.20; 25.00;  0
09:25:05; 22.20; 25.00;  0
09:25:15; 22.20; 25.00;  0
09:25:25; 22.20; 25.00;  0
09:25:35; 22.10; 25.00;  0
09:25:46; 22.10; 25.00;  0
09:25:56; 22.20; 25.00;  0
09:26:06; 22.20; 25.00;  0
09:26:16; 22.20; 25.00;  0
09:26:27; 22.20; 25.00;  0
09:26:37; 22.20; 25.00;  0
09:26:48; 22.20; 25.00;  0
09:26:58; 22.20; 25.00;  0
09:27:09; 22.30; 25.00;  0
09:27:19; 22.20; 25.00;  0
09:27:29; 22.30; 26.00;  0
09:27:39; 22.30; 26.00;  0
09:27:50; 22.30; 25.00;  0
09:28:00; 22.30; 25.00;  0
09:28:10; 22.30; 25.00;  0
09:28:20; 22.30; 25.00;  0
09:28:31; 22.30; 25.00;  0
09:28:42; 22.30; 25.00;  0
09:28:52; 22.30; 25.00;  0
09:29:03; 22.30; 25.00;  0
09:29:13; 22.30; 25.00;  0
09:29:23; 22.30; 25.00;  0
09:29:33; 22.30; 25.00;  0
09:29:44; 22.30; 25.00;  0
09:29:54; 22.40; 25.00;  0
09:30:04; 22.40; 25.00;  0
09:30:14; 22.40; 25.00;  0
09:30:25; 22.30; 25.00;  0
09:30:35; 22.30; 25.00;  0
09:30:46; 22.30; 25.00;  0
09:30:56; 22.40; 25.00;  0
09:31:06; 22.40; 25.00;  0
09:31:16; 22.40; 24.00;  0
09:31:27; 22.40; 24.00;  0
09:31:37; 22.40; 24.00;  0
09:31:48; 22.40; 24.00;  0
09:31:58; 22.40; 24.00;  0
09:32:09; 22.40; 24.00;  0
09:32:19; 22.40; 24.00;  0
09:32:29; 22.50; 24.00;  0
09:32:39; 22.50; 24.00;  0
09:32:50; 22.50; 24.00;  0
09:33:00; 22.50; 24.00;  0
09:33:10; 22.40; 24.00;  0
09:33:20; 22.40; 24.00;  0
09:33:31; 22.40; 24.00;  0
09:33:42; 22.30; 24.00;  0
09:33:52; 22.30; 24.00;  0
09:34:03; 22.30; 25.00;  0
09:34:13; 22.30; 25.00;  0
09:34:23; 22.30; 25.00;  0
09:34:33; 22.40; 25.00;  0
09:34:44; 22.40; 25.00;  0
09:34:54; 22.40; 25.00;  0
09:35:04; 22.40; 24.00;  0
09:35:14; 22.40; 24.00;  0
09:35:25; 22.40; 24.00;  0
09:35:35; 22.40; 24.00;  0
09:35:46; 22.40; 24.00;  0
09:35:56; 22.40; 24.00;  0
09:36:07; 22.40; 25.00;  0
09:36:17; 22.40; 25.00;  0
09:36:27; 22.50; 25.00;  0
09:36:37; 22.50; 24.00;  0
09:36:48; 22.50; 24.00;  0
09:36:58; 22.50; 24.00;  0
09:37:08; 22.50; 24.00;  0
09:37:18; 22.50; 24.00;  0
09:37:29; 22.50; 24.00;  0
09:37:39; 22.50; 24.00;  0
09:37:50; 22.50; 24.00;  0
09:38:01; 22.50; 24.00;  0
09:38:11; 22.50; 24.00;  0
09:38:21; 22.50; 24.00;  0
09:38:31; 22.50; 24.00;  0
09:38:42; 22.50; 24.00;  0
09:38:52; 22.40; 24.00;  0
09:39:02; 22.50; 24.00;  0
09:39:12; 22.40; 24.00;  0
09:39:23; 22.50; 24.00;  0
09:39:33; 22.50; 24.00;  0
09:39:44; 22.50; 24.00;  0
09:39:54; 22.50; 25.00;  0
09:40:05; 22.40; 25.00;  0
09:40:15; 22.50; 24.00;  0
09:40:25; 22.50; 24.00;  0
09:40:35; 22.50; 24.00;  0
09:40:46; 22.40; 24.00;  0
09:40:56; 22.50; 24.00;  0
09:41:06; 22.40; 24.00;  0
09:41:16; 22.40; 24.00;  0
09:41:27; 22.40; 24.00;  0
09:41:37; 22.40; 24.00;  0
09:41:48; 22.40; 24.00;  0
09:41:58; 22.40; 24.00;  0
09:42:09; 22.50; 24.00;  0
09:42:19; 22.50; 24.00;  0
09:42:29; 22.50; 24.00;  0
09:42:39; 22.50; 24.00;  0
09:42:50; 22.50; 24.00;  0
09:43:00; 22.60; 24.00;  0
09:43:10; 22.50; 24.00;  0
09:43:20; 22.50; 24.00;  0
09:43:31; 22.50; 24.00;  0
09:43:42; 22.50; 24.00;  0
09:43:52; 22.60; 24.00;  0
09:44:03; 22.50; 24.00;  0
09:44:13; 22.50; 24.00;  0
09:44:23; 22.50; 24.00;  0
09:44:33; 22.40; 24.00;  0
09:44:44; 22.50; 24.00;  0
09:44:54; 22.60; 24.00;  0
09:45:04; 22.50; 24.00;  0
09:45:14; 22.50; 24.00;  0
09:45:25; 22.60; 27.00;  0
09:45:35; 22.60; 26.00;  0
09:45:46; 22.60; 25.00;  0
09:45:56; 22.60; 25.00;  0
09:46:06; 22.60; 24.00;  0
09:46:16; 22.60; 24.00;  0
09:46:27; 22.60; 24.00;  0
09:46:37; 22.60; 24.00;  0
09:46:48; 22.60; 24.00;  0
09:46:58; 22.60; 24.00;  0
09:47:09; 22.60; 24.00;  0
09:47:19; 22.60; 24.00;  0
09:47:29; 22.60; 24.00;  0
09:47:39; 22.60; 24.00;  0
09:47:50; 22.60; 24.00;  0
09:48:00; 22.60; 25.00;  0
09:48:10; 22.60; 26.00;  0
09:48:20; 22.60; 25.00;  0
09:48:31; 22.70; 24.00;  0
09:48:42; 22.70; 24.00;  0
09:48:52; 22.60; 24.00;  0
09:49:03; 22.70; 24.00;  0
09:49:13; 22.70; 25.00;  0
09:49:23; 22.70; 25.00;  0
09:49:33; 22.70; 25.00;  0
09:49:44; 22.70; 24.00;  0
09:49:54; 22.80; 24.00;  0
09:50:04; 22.70; 24.00;  0
09:50:14; 22.70; 24.00;  0
09:50:25; 22.70; 24.00;  0
09:50:35; 22.70; 24.00;  0
09:50:46; 22.80; 23.00;  0
09:50:56; 22.80; 24.00;  0
09:51:07; 22.80; 23.00;  0
09:51:17; 22.70; 24.00;  0
09:51:27; 22.70; 23.00;  0
09:51:37; 22.80; 23.00;  0
09:51:48; 22.70; 23.00;  0
09:51:58; 22.80; 23.00;  0
09:52:08; 22.80; 23.00;  0
09:52:18; 22.70; 23.00;  0
09:52:29; 22.70; 23.00;  0
09:52:39; 22.80; 23.00;  0
09:52:50; 22.80; 23.00;  0
09:53:01; 22.70; 24.00;  0
09:53:11; 22.80; 23.00;  0
09:53:21; 22.80; 23.00;  0
09:53:31; 22.80; 23.00;  0
09:53:42; 22.80; 23.00;  0
09:53:52; 22.80; 23.00;  0
09:54:02; 22.80; 23.00;  0
09:54:12; 22.80; 23.00;  0
09:54:23; 22.80; 23.00;  0
09:54:33; 22.70; 23.00;  0
09:54:44; 22.80; 23.00;  0
09:54:54; 22.70; 23.00;  0
09:55:05; 22.70; 23.00;  0
09:55:15; 22.70; 23.00;  0
09:55:25; 22.70; 23.00;  0
09:55:35; 22.70; 23.00;  0
09:55:46; 22.70; 23.00;  0
09:55:56; 22.70; 23.00;  0
09:56:06; 22.70; 24.00;  0
09:56:16; 22.80; 24.00;  0
09:56:27; 22.80; 26.00;  0
09:56:37; 22.80; 25.00;  0
09:56:48; 22.80; 24.00;  0
09:56:58; 22.80; 24.00;  0
09:57:09; 22.80; 24.00;  0
09:57:19; 22.80; 24.00;  0
09:57:29; 22.80; 23.00;  0
09:57:39; 22.80; 23.00;  0
09:57:50; 22.90; 23.00;  0
09:58:00; 22.90; 23.00;  0
09:58:10; 22.80; 23.00;  0
09:58:20; 22.80; 23.00;  0
09:58:31; 22.80; 23.00;  0
09:58:42; 22.70; 23.00;  0
09:58:52; 22.70; 24.00;  0
09:59:03; 22.70; 24.00;  0
09:59:13; 22.70; 24.00;  0
09:59:23; 22.70; 24.00;  0
09:59:33; 22.80; 23.00;  0
09:59:44; 22.70; 23.00;  0
09:59:54; 22.80; 23.00;  0
10:00:04; 22.70; 23.00;  0
10:00:14; 22.70; 23.00;  0
10:00:25; 22.70; 23.00;  0
10:00:35; 22.70; 23.00;  0
10:00:46; 22.70; 23.00;  0
10:00:56; 22.70; 23.00;  0
10:01:06; 22.70; 23.00;  0
10:01:16; 22.70; 23.00;  0
10:01:27; 22.70; 23.00;  0
10:01:37; 22.70; 23.00;  0
10:01:48; 22.70; 23.00;  0
10:01:58; 22.80; 23.00;  0
10:02:09; 22.70; 23.00;  0
10:02:19; 22.80; 23.00;  0
10:02:29; 22.80; 23.00;  0
10:02:39; 22.80; 23.00;  0
10:02:50; 22.80; 23.00;  0
10:03:00; 22.80; 23.00;  0
10:03:10; 22.80; 23.00;  0
10:03:20; 22.80; 23.00;  0
10:03:31; 22.80; 23.00;  0
10:03:42; 22.80; 23.00;  0
10:03:52; 22.80; 23.00;  0
10:04:03; 22.70; 23.00;  0
10:04:13; 22.70; 23.00;  0
10:04:23; 22.70; 23.00;  0
10:04:33; 22.70; 23.00;  0
10:04:44; 22.70; 23.00;  0
10:04:54; 22.70; 23.00;  0
10:05:04; 22.70; 23.00;  0
10:05:14; 22.80; 23.00;  0
10:05:25; 22.80; 23.00;  0
10:05:35; 22.80; 23.00;  0
10:05:46; 22.80; 23.00;  0
10:05:56; 22.80; 23.00;  0
10:06:07; 22.80; 23.00;  0
10:06:17; 22.80; 23.00;  0
10:06:27; 22.80; 23.00;  0
10:06:37; 22.80; 23.00;  0
10:06:48; 22.70; 23.00;  0
10:06:58; 22.70; 23.00;  0
10:07:08; 22.70; 23.00;  0
10:07:18; 22.70; 23.00;  0
10:07:29; 22.80; 23.00;  0
10:07:39; 22.80; 23.00;  0
10:07:50; 22.80; 23.00;  0
10:08:01; 22.70; 23.00;  0
10:08:11; 22.70; 23.00;  0
10:08:21; 22.70; 23.00;  0
10:08:31; 22.70; 23.00;  0
10:08:42; 22.70; 23.00;  0
10:08:52; 22.80; 23.00;  0
10:09:02; 22.70; 23.00;  0
10:09:12; 22.80; 23.00;  0
10:09:23; 22.80; 23.00;  0
10:09:33; 22.80; 23.00;  0
10:09:44; 22.80; 23.00;  0
10:09:54; 22.80; 23.00;  0
10:10:05; 22.80; 23.00;  0
10:10:15; 22.90; 23.00;  0
10:10:25; 22.90; 23.00;  0
10:10:35; 22.90; 23.00;  0
10:10:46; 22.90; 23.00;  0
10:10:56; 22.90; 23.00;  0
10:11:06; 22.90; 23.00;  0
10:11:16; 22.90; 23.00;  0
10:11:27; 22.90; 23.00;  0
10:11:37; 22.90; 23.00;  0
10:11:48; 22.90; 23.00;  0
10:11:58; 22.90; 22.00;  0
10:12:09; 22.90; 22.00;  0
10:12:19; 22.90; 22.00;  0
10:12:29; 22.90; 22.00;  0
10:12:39; 22.90; 22.00;  0
10:12:50; 22.90; 22.00;  0
10:13:00; 22.90; 22.00;  0
10:13:10; 22.80; 22.00;  0
10:13:20; 22.80; 23.00;  0
10:13:31; 22.80; 23.00;  0
10:13:42; 22.80; 23.00;  0
10:13:52; 22.80; 23.00;  0
10:14:03; 22.80; 22.00;  0
10:14:13; 22.80; 22.00;  0
10:14:23; 22.80; 22.00;  0
10:14:33; 22.80; 22.00;  0
10:14:44; 22.70; 22.00;  0
10:14:54; 22.80; 23.00;  0
10:15:04; 22.70; 23.00;  0
10:15:14; 22.80; 23.00;  0
10:15:25; 22.80; 23.00;  0
10:15:35; 22.80; 23.00;  0
10:15:46; 22.80; 23.00;  0
10:15:56; 22.80; 23.00;  0
10:16:06; 22.90; 23.00;  0
10:16:16; 22.90; 23.00;  0
10:16:27; 22.90; 23.00;  0
10:16:37; 22.90; 23.00;  0
10:16:48; 22.90; 23.00;  0
10:16:58; 22.90; 23.00;  0
10:17:09; 22.90; 23.00;  0
10:17:19; 22.90; 23.00;  0
10:17:29; 22.90; 22.00;  0
10:17:39; 22.90; 22.00;  0
10:17:50; 23.00; 22.00;  0
10:18:00; 22.90; 22.00;  0
10:18:10; 23.00; 22.00;  0
10:18:20; 23.00; 22.00;  0
10:18:31; 22.90; 23.00;  0
10:18:42; 23.00; 22.00;  0
10:18:52; 23.00; 22.00;  0
10:19:03; 22.90; 22.00;  0
10:19:13; 23.00; 22.00;  0
10:19:23; 23.00; 22.00;  0
10:19:33; 23.00; 22.00;  0
10:19:44; 23.00; 22.00;  0
10:19:54; 23.00; 23.00;  0
10:20:04; 23.00; 23.00;  0
10:20:14; 23.00; 23.00;  0
10:20:25; 22.90; 23.00;  0
10:20:35; 23.00; 22.00;  0
10:20:46; 23.00; 22.00;  0
10:20:56; 23.00; 22.00;  0
10:21:07; 23.00; 22.00;  0
10:21:17; 23.00; 22.00;  0
10:21:27; 23.00; 22.00;  0
10:21:37; 23.00; 22.00;  0
10:21:48; 23.00; 22.00;  0
10:21:58; 23.00; 22.00;  0
10:22:08; 23.00; 22.00;  0
10:22:18; 23.00; 22.00;  0
10:22:29; 23.00; 23.00;  0
10:22:39; 23.00; 23.00;  0
10:22:50; 23.00; 23.00;  0
10:23:01; 23.00; 23.00;  0
10:23:11; 23.00; 23.00;  0
10:23:21; 23.00; 23.00;  0
10:23:31; 23.00; 22.00;  0
10:23:42; 23.00; 22.00;  0
10:23:52; 23.00; 22.00;  0
10:24:02; 23.00; 22.00;  0
10:24:12; 23.00; 22.00;  0
10:24:23; 23.00; 22.00;  0
10:24:33; 23.00; 22.00;  0
10:24:44; 23.00; 22.00;  0
10:24:54; 23.00; 22.00;  0
10:25:05; 23.00; 22.00;  0
10:25:15; 23.00; 23.00;  0
10:25:25; 23.00; 22.00;  0
10:25:35; 23.00; 23.00;  0
10:25:46; 23.00; 23.00;  0
10:25:56; 23.00; 23.00;  0
10:26:06; 23.10; 22.00;  0
10:26:16; 23.10; 22.00;  0
10:26:27; 23.10; 23.00;  0
10:26:37; 23.00; 23.00;  0
10:26:48; 23.00; 24.00;  0
10:26:58; 23.00; 23.00;  0
10:27:09; 23.10; 23.00;  0
10:27:19; 23.10; 22.00;  0
10:27:29; 23.00; 23.00;  0
10:27:39; 23.10; 23.00;  0
10:27:50; 23.10; 23.00;  0
10:28:00; 23.10; 23.00;  0
10:28:10; 23.10; 22.00;  0
10:28:20; 23.10; 22.00;  0
10:28:31; 23.10; 22.00;  0
10:28:42; 23.10; 22.00;  0
10:28:52; 23.10; 22.00;  0
10:29:03; 23.10; 22.00;  0
10:29:13; 23.10; 22.00;  0
10:29:23; 23.10; 22.00;  0
10:29:33; 23.10; 22.00;  0
10:29:44; 23.10; 22.00;  0
10:29:54; 23.10; 22.00;  0
10:30:04; 23.10; 22.00;  0
10:30:14; 23.20; 22.00;  0
10:30:25; 23.10; 22.00;  0
10:30:35; 23.10; 22.00;  0
10:30:46; 23.10; 22.00;  0
10:30:56; 23.20; 22.00;  0
10:31:06; 23.20; 22.00;  0
10:31:16; 23.20; 22.00;  0
10:31:27; 23.10; 22.00;  0
10:31:37; 23.20; 22.00;  0
10:31:48; 23.10; 22.00;  0
10:31:58; 23.20; 22.00;  0
10:32:09; 23.20; 22.00;  0
10:32:19; 23.20; 23.00;  0
10:32:29; 23.20; 23.00;  0
10:32:39; 23.10; 22.00;  0
10:32:50; 23.20; 22.00;  0
10:33:00; 23.10; 22.00;  0
10:33:10; 23.20; 22.00;  0
10:33:20; 23.10; 22.00;  0
10:33:31; 23.10; 22.00;  0
10:33:42; 23.10; 22.00;  0
10:33:52; 23.10; 22.00;  0
10:34:03; 23.10; 22.00;  0
10:34:13; 23.20; 22.00;  0
10:34:23; 23.20; 23.00;  0
10:34:33; 23.20; 22.00;  0
10:34:44; 23.10; 22.00;  0
10:34:54; 23.10; 22.00;  0
10:35:04; 23.10; 22.00;  0
10:35:14; 23.20; 22.00;  0
10:35:25; 23.10; 22.00;  0
10:35:35; 23.20; 22.00;  0
10:35:46; 23.20; 22.00;  0
10:35:56; 23.20; 22.00;  0
10:36:07; 23.20; 22.00;  0
10:36:17; 23.30; 22.00;  0
10:36:27; 23.20; 22.00;  0
10:36:37; 23.20; 22.00;  0
10:36:48; 23.30; 22.00;  0
10:36:58; 23.20; 22.00;  0
10:37:08; 23.20; 22.00;  0
10:37:18; 23.20; 22.00;  0
10:37:29; 23.20; 21.00;  0
10:37:39; 23.30; 22.00;  0
10:37:50; 23.20; 21.00;  0
10:38:01; 23.20; 23.00;  0
10:38:11; 23.30; 23.00;  0
10:38:21; 23.30; 22.00;  0
10:38:31; 23.20; 22.00;  0
10:38:42; 23.20; 22.00;  0
10:38:52; 23.20; 21.00;  0
10:39:02; 23.20; 22.00;  0
10:39:12; 23.20; 21.00;  0
10:39:23; 23.30; 21.00;  0
10:39:33; 23.30; 21.00;  0
10:39:44; 23.20; 21.00;  0
10:39:54; 23.20; 21.00;  0
10:40:05; 23.20; 21.00;  0
10:40:15; 23.20; 21.00;  0
10:40:25; 23.20; 22.00;  0
10:40:35; 23.20; 22.00;  0
10:40:46; 23.20; 22.00;  0
10:40:56; 23.30; 22.00;  0
10:41:06; 23.20; 22.00;  0
10:41:16; 23.20; 22.00;  0
10:41:27; 23.20; 22.00;  0
10:41:37; 23.20; 22.00;  0
10:41:48; 23.20; 21.00;  0
10:41:58; 23.20; 22.00;  0
10:42:09; 23.30; 22.00;  0
10:42:19; 23.20; 22.00;  0
10:42:29; 23.20; 21.00;  0
10:42:39; 23.20; 21.00;  0
10:42:50; 23.20; 21.00;  0
10:43:00; 23.20; 21.00;  0
10:43:10; 23.20; 22.00;  0
10:43:20; 23.20; 22.00;  0
10:43:31; 23.20; 22.00;  0
10:43:42; 23.20; 22.00;  0
10:43:52; 23.20; 22.00;  0
10:44:03; 23.20; 22.00;  0
10:44:13; 23.30; 22.00;  0
10:44:23; 23.20; 22.00;  0
10:44:33; 23.20; 22.00;  0
10:44:44; 23.20; 22.00;  0
10:44:54; 23.20; 22.00;  0
10:45:04; 23.20; 22.00;  0
10:45:14; 23.30; 22.00;  0
10:45:25; 23.20; 21.00;  0
10:45:35; 23.30; 21.00;  0
10:45:46; 23.30; 21.00;  0
10:45:56; 23.30; 21.00;  0
10:46:06; 23.20; 22.00;  0
10:46:16; 23.20; 22.00;  0
10:46:27; 23.30; 22.00;  0
10:46:37; 23.20; 22.00;  0
10:46:48; 23.30; 21.00;  0
10:46:58; 23.30; 21.00;  0
10:47:09; 23.30; 21.00;  0
10:47:19; 23.30; 21.00;  0
10:47:29; 23.30; 21.00;  0
10:47:39; 23.30; 21.00;  0
10:47:50; 23.30; 21.00;  0
10:48:00; 23.30; 21.00;  0
10:48:10; 23.30; 21.00;  0
10:48:20; 23.30; 21.00;  0
10:48:31; 23.30; 21.00;  0
10:48:42; 23.30; 21.00;  0
10:48:52; 23.30; 21.00;  0
10:49:03; 23.30; 21.00;  0
10:49:13; 23.30; 21.00;  0
10:49:23; 23.40; 21.00;  0
10:49:33; 23.30; 21.00;  0
10:49:44; 23.30; 21.00;  0
10:49:54; 23.30; 21.00;  0
10:50:04; 23.30; 21.00;  0
10:50:14; 23.30; 21.00;  0
10:50:25; 23.30; 21.00;  0
10:50:35; 23.30; 21.00;  0
10:50:46; 23.30; 21.00;  0
10:50:56; 23.30; 21.00;  0
10:51:07; 23.30; 21.00;  0
10:51:17; 23.30; 21.00;  0
10:51:27; 23.30; 21.00;  0
10:51:37; 23.30; 21.00;  0
10:51:48; 23.20; 21.00;  0
10:51:58; 23.30; 21.00;  0
10:52:08; 23.20; 21.00;  0
10:52:18; 23.30; 21.00;  0
10:52:29; 23.30; 21.00;  0
10:52:39; 23.30; 21.00;  0
10:52:50; 23.30; 21.00;  0
10:53:01; 23.30; 21.00;  0
10:53:11; 23.30; 21.00;  0
10:53:21; 23.30; 21.00;  0
10:53:31; 23.30; 21.00;  0
10:53:42; 23.30; 21.00;  0
10:53:52; 23.30; 21.00;  0
10:54:02; 23.30; 21.00;  0
10:54:12; 23.40; 21.00;  0
10:54:23; 23.30; 21.00;  0
10:54:33; 23.30; 21.00;  0
10:54:44; 23.30; 21.00;  0
10:54:54; 23.30; 21.00;  0
10:55:05; 23.30; 21.00;  0
10:55:15; 23.30; 21.00;  0
10:55:25; 23.30; 21.00;  0
10:55:35; 23.30; 21.00;  0
10:55:46; 23.30; 21.00;  0
10:55:56; 23.30; 21.00;  0
10:56:06; 23.30; 21.00;  0
10:56:16; 23.30; 21.00;  0
10:56:27; 23.30; 21.00;  0
10:56:37; 23.30; 21.00;  0
10:56:48; 23.30; 21.00;  0
10:56:58; 23.30; 21.00;  0
10:57:09; 23.30; 21.00;  0
10:57:19; 23.30; 21.00;  0
10:57:29; 23.30; 21.00;  0
10:57:39; 23.30; 21.00;  0
10:57:50; 23.30; 21.00;  0
10:58:00; 23.30; 21.00;  0
10:58:10; 23.30; 21.00;  0
10:58:20; 23.30; 21.00;  0
10:58:31; 23.30; 21.00;  0
10:58:42; 23.30; 21.00;  0
10:58:52; 23.30; 21.00;  0
10:59:03; 23.30; 21.00;  0
10:59:13; 23.30; 21.00;  0
10:59:23; 23.30; 21.00;  0
10:59:33; 23.30; 21.00;  0
10:59:44; 23.20; 21.00;  0
10:59:54; 23.20; 21.00;  0
11:00:04; 23.20; 21.00;  0
11:00:14; 23.20; 21.00;  0
11:00:25; 23.20; 21.00;  0
11:00:35; 23.30; 21.00;  0
11:00:46; 23.30; 21.00;  0
11:00:56; 23.20; 21.00;  0
11:01:06; 23.30; 21.00;  0
11:01:16; 23.30; 21.00;  0
11:01:27; 23.30; 21.00;  0
11:01:37; 23.30; 21.00;  0
11:01:48; 23.30; 21.00;  0
11:01:58; 23.30; 21.00;  0
11:02:09; 23.40; 21.00;  0
11:02:19; 23.40; 21.00;  0
11:02:29; 23.40; 21.00;  0
11:02:39; 23.40; 21.00;  0
11:02:50; 23.40; 21.00;  0
11:03:00; 23.40; 21.00;  0
11:03:10; 23.40; 21.00;  0
11:03:20; 23.40; 21.00;  0
11:03:31; 23.40; 21.00;  0
11:03:42; 23.40; 21.00;  0
11:03:52; 23.40; 21.00;  0
11:04:03; 23.40; 21.00;  0
11:04:13; 23.40; 21.00;  0
11:04:23; 23.40; 21.00;  0
11:04:33; 23.40; 21.00;  0
11:04:44; 23.40; 21.00;  0
11:04:54; 23.40; 21.00;  0
11:05:04; 23.40; 21.00;  0
11:05:14; 23.40; 21.00;  0
11:05:25; 23.40; 21.00;  0
11:05:35; 23.40; 21.00;  0
11:05:46; 23.40; 21.00;  0
11:05:56; 23.40; 21.00;  0
11:06:07; 23.40; 21.00;  0
11:06:17; 23.40; 21.00;  0
11:06:27; 23.40; 21.00;  0
11:06:37; 23.40; 21.00;  0
11:06:48; 23.40; 21.00;  0
11:06:58; 23.40; 21.00;  0
11:07:08; 23.40; 21.00;  0
11:07:18; 23.50; 21.00;  0
11:07:29; 23.50; 21.00;  0
11:07:39; 23.50; 21.00;  0
11:07:50; 23.50; 21.00;  0
11:08:01; 23.50; 21.00;  0
11:08:11; 23.50; 21.00;  0
11:08:21; 23.50; 21.00;  0
11:08:31; 23.50; 21.00;  0
11:08:42; 23.50; 20.00;  0
11:08:52; 23.50; 20.00;  0
11:09:02; 23.50; 20.00;  0
11:09:12; 23.50; 21.00;  0
11:09:23; 23.50; 21.00;  0
11:09:33; 23.50; 21.00;  0
11:09:44; 23.50; 21.00;  0
11:09:54; 23.50; 21.00;  0
11:10:05; 23.50; 21.00;  0
11:10:15; 23.50; 21.00;  0
11:10:25; 23.50; 21.00;  0
11:10:35; 23.50; 21.00;  0
11:10:46; 23.50; 21.00;  0
11:10:56; 23.50; 21.00;  0
11:11:06; 23.50; 21.00;  0
11:11:16; 23.40; 21.00;  0
11:11:27; 23.40; 21.00;  0
11:11:37; 23.40; 21.00;  0
11:11:48; 23.50; 21.00;  0
11:11:58; 23.40; 21.00;  0
11:12:09; 23.50; 21.00;  0
11:12:19; 23.50; 21.00;  0
11:12:29; 23.50; 21.00;  0
11:12:39; 23.50; 21.00;  0
11:12:50; 23.50; 21.00;  0
11:13:00; 23.50; 21.00;  0
11:13:10; 23.50; 21.00;  0
11:13:20; 23.50; 21.00;  0
11:13:31; 23.50; 21.00;  0
11:13:42; 23.50; 21.00;  0
11:13:52; 23.50; 21.00;  0
11:14:03; 23.50; 21.00;  0
11:14:13; 23.50; 21.00;  0
11:14:23; 23.50; 21.00;  0
11:14:33; 23.50; 22.00;  0
11:14:44; 23.50; 22.00;  0
11:14:54; 23.50; 22.00;  0
11:15:04; 23.50; 21.00;  0
11:15:14; 23.50; 21.00;  0
11:15:25; 23.50; 21.00;  0
11:15:35; 23.50; 21.00;  0
11:15:46; 23.50; 21.00;  0
11:15:56; 23.50; 23.00;  0
11:16:06; 23.50; 22.00;  0
11:16:16; 23.50; 21.00;  0
11:16:27; 23.50; 21.00;  0
11:16:37; 23.50; 21.00;  0
11:16:48; 23.40; 21.00;  0
11:16:58; 23.40; 21.00;  0
11:17:09; 23.40; 21.00;  0
11:17:19; 23.40; 21.00;  0
11:17:29; 23.40; 22.00;  0
11:17:39; 23.40; 21.00;  0
11:17:50; 23.40; 22.00;  0
11:18:00; 23.40; 21.00;  0
11:18:10; 23.40; 21.00;  0
11:18:20; 23.40; 21.00;  0
11:18:31; 23.40; 21.00;  0
11:18:42; 23.40; 21.00;  0
11:18:52; 23.50; 21.00;  0
11:19:03; 23.50; 21.00;  0
11:19:13; 23.50; 21.00;  0
11:19:23; 23.50; 21.00;  0
11:19:33; 23.50; 21.00;  0
11:19:44; 23.50; 21.00;  0
11:19:54; 23.50; 21.00;  0
11:20:04; 23.50; 22.00;  0
11:20:14; 23.50; 22.00;  0
11:20:25; 23.60; 22.00;  0
11:20:35; 23.60; 22.00;  0
11:20:46; 23.50; 23.00;  0
11:20:56; 23.60; 23.00;  0
11:21:07; 23.60; 23.00;  0
11:21:17; 23.60; 22.00;  0
11:21:27; 23.60; 23.00;  0
11:21:37; 23.60; 22.00;  0
11:21:48; 23.60; 22.00;  0
11:21:58; 23.60; 21.00;  0
11:22:08; 23.60; 21.00;  0
11:22:18; 23.60; 22.00;  0
11:22:29; 23.60; 22.00;  0
11:22:39; 23.50; 22.00;  0
11:22:50; 23.60; 21.00;  0
11:23:01; 23.50; 21.00;  0
11:23:11; 23.50; 21.00;  0
11:23:21; 23.50; 21.00;  0
11:23:31; 23.50; 21.00;  0
11:23:42; 23.50; 21.00;  0
11:23:52; 23.50; 21.00;  0
11:24:02; 23.50; 21.00;  0
11:24:12; 23.50; 21.00;  0
11:24:23; 23.50; 21.00;  0
11:24:33; 23.60; 23.00;  0
11:24:44; 23.60; 22.00;  0
11:24:54; 23.60; 22.00;  0
11:25:05; 23.60; 21.00;  0
11:25:15; 23.60; 21.00;  0
11:25:25; 23.60; 21.00;  0
11:25:35; 23.60; 21.00;  0
11:25:46; 23.60; 21.00;  0
11:25:56; 23.60; 21.00;  0
11:26:06; 23.60; 21.00;  0
11:26:16; 23.60; 21.00;  0
11:26:27; 23.60; 21.00;  0
11:26:37; 23.60; 21.00;  0
11:26:48; 23.60; 22.00;  0
11:26:58; 23.60; 21.00;  0
11:27:09; 23.60; 21.00;  0
11:27:19; 23.50; 21.00;  0
11:27:29; 23.60; 21.00;  0
11:27:39; 23.60; 21.00;  0
11:27:50; 23.60; 21.00;  0
11:28:00; 23.50; 21.00;  0
11:28:10; 23.60; 21.00;  0
11:28:20; 23.60; 21.00;  0
11:28:31; 23.60; 21.00;  0
11:28:42; 23.60; 21.00;  0
11:28:52; 23.60; 21.00;  0
11:29:03; 23.60; 21.00;  0
11:29:13; 23.60; 21.00;  0
11:29:23; 23.60; 21.00;  0
11:29:33; 23.60; 21.00;  0
11:29:44; 23.50; 21.00;  0
11:29:54; 23.60; 21.00;  0
11:30:04; 23.60; 21.00;  0
11:30:14; 23.60; 21.00;  0
11:30:25; 23.50; 21.00;  0
11:30:35; 23.60; 21.00;  0
11:30:46; 23.60; 21.00;  0
11:30:56; 23.60; 21.00;  0
11:31:06; 23.60; 21.00;  0
11:31:16; 23.60; 21.00;  0
11:31:27; 23.60; 23.00;  0
11:31:37; 23.70; 24.00;  0
11:31:48; 23.70; 22.00;  0
11:31:58; 23.70; 22.00;  0
11:32:09; 23.60; 21.00;  0
11:32:19; 23.60; 21.00;  0
11:32:29; 23.60; 21.00;  0
11:32:39; 23.60; 21.00;  0
11:32:50; 23.60; 21.00;  0
11:33:00; 23.60; 21.00;  0
11:33:10; 23.70; 23.00;  0
11:33:20; 23.60; 22.00;  0
11:33:31; 23.60; 22.00;  0
11:33:42; 23.70; 22.00;  0
11:33:52; 23.70; 22.00;  0
11:34:03; 23.70; 21.00;  0
11:34:13; 23.70; 21.00;  0
11:34:23; 23.70; 21.00;  0
11:34:33; 23.70; 22.00;  0
11:34:44; 23.70; 21.00;  0
11:34:54; 23.70; 21.00;  0
11:35:04; 23.70; 21.00;  0
11:35:14; 23.70; 21.00;  0
11:35:25; 23.70; 21.00;  0
11:35:35; 23.70; 21.00;  0
11:35:46; 23.70; 21.00;  0
11:35:56; 23.70; 21.00;  0
11:36:07; 23.70; 21.00;  0
11:36:17; 23.70; 21.00;  0
11:36:27; 23.70; 21.00;  0
11:36:37; 23.70; 21.00;  0
11:36:48; 23.70; 21.00;  0
11:36:58; 23.70; 21.00;  0
11:37:08; 23.60; 21.00;  0
11:37:18; 23.60; 21.00;  0
11:37:29; 23.70; 21.00;  0
11:37:39; 23.60; 21.00;  0
11:37:50; 23.60; 21.00;  0
11:38:01; 23.60; 21.00;  0
11:38:11; 23.60; 21.00;  0
11:38:21; 23.70; 21.00;  0
11:38:31; 23.60; 21.00;  0
11:38:42; 23.70; 21.00;  0
11:38:52; 23.60; 21.00;  0
11:39:02; 23.60; 21.00;  0
11:39:12; 23.60; 21.00;  0
11:39:23; 23.70; 21.00;  0
11:39:33; 23.70; 21.00;  0
11:39:44; 23.70; 21.00;  0
11:39:54; 23.80; 21.00;  0
11:40:05; 23.80; 21.00;  0
11:40:15; 23.80; 22.00;  0
11:40:25; 23.80; 21.00;  0
11:40:35; 23.80; 21.00;  0
11:40:46; 23.70; 21.00;  0
11:40:56; 23.70; 21.00;  0
11:41:06; 23.80; 21.00;  0
11:41:16; 23.80; 21.00;  0
11:41:27; 23.80; 21.00;  0
11:41:37; 23.80; 21.00;  0
11:41:48; 23.80; 21.00;  0
11:41:58; 23.80; 21.00;  0
11:42:09; 23.80; 21.00;  0
11:42:19; 23.80; 20.00;  0
11:42:29; 23.80; 21.00;  0
11:42:39; 23.80; 20.00;  0
11:42:50; 23.90; 20.00;  0
11:43:00; 23.90; 20.00;  0
11:43:10; 23.80; 20.00;  0
11:43:20; 23.80; 20.00;  0
11:43:31; 23.90; 20.00;  0
11:43:42; 23.80; 20.00;  0
11:43:52; 23.80; 20.00;  0
11:44:03; 23.80; 20.00;  0
11:44:13; 23.70; 20.00;  0
11:44:23; 23.70; 20.00;  0
11:44:33; 23.80; 20.00;  0
11:44:44; 23.70; 20.00;  0
11:44:54; 23.80; 20.00;  0
11:45:04; 23.70; 20.00;  0
11:45:14; 23.70; 21.00;  0
11:45:25; 23.80; 22.00;  0
11:45:35; 23.70; 21.00;  0
11:45:46; 23.70; 21.00;  0
11:45:56; 23.70; 21.00;  0
11:46:06; 23.70; 21.00;  0
11:46:16; 23.80; 21.00;  0
11:46:27; 23.80; 21.00;  0
11:46:37; 23.70; 21.00;  0
11:46:48; 23.80; 21.00;  0
11:46:58; 23.80; 21.00;  0
11:47:09; 23.80; 21.00;  0
11:47:19; 23.80; 21.00;  0
11:47:29; 23.80; 20.00;  0
11:47:39; 23.80; 20.00;  0
11:47:50; 23.80; 20.00;  0
11:48:00; 23.70; 20.00;  0
11:48:10; 23.80; 20.00;  0
11:48:20; 23.70; 20.00;  0
11:48:31; 23.70; 20.00;  0
11:48:42; 23.70; 20.00;  0
11:48:52; 23.70; 21.00;  0
11:49:03; 23.70; 21.00;  0
11:49:13; 23.70; 21.00;  0
11:49:23; 23.70; 20.00;  0
11:49:33; 23.70; 21.00;  0
11:49:44; 23.70; 20.00;  0
11:49:54; 23.60; 21.00;  0
11:50:04; 23.70; 21.00;  0
11:50:14; 23.70; 21.00;  0
11:50:25; 23.70; 21.00;  0
11:50:35; 23.60; 21.00;  0
11:50:46; 23.60; 21.00;  0
11:50:56; 23.70; 21.00;  0
11:51:07; 23.70; 21.00;  0
11:51:17; 23.70; 21.00;  0
11:51:27; 23.70; 21.00;  0
11:51:37; 23.70; 21.00;  0
11:51:48; 23.80; 21.00;  0
11:51:58; 23.80; 21.00;  0
11:52:08; 23.80; 21.00;  0
11:52:18; 23.80; 21.00;  0
11:52:29; 23.80; 21.00;  0
11:52:39; 23.80; 21.00;  0
11:52:50; 23.80; 21.00;  0
11:53:01; 23.80; 21.00;  0
11:53:11; 23.80; 20.00;  0
11:53:21; 23.80; 20.00;  0
11:53:31; 23.70; 20.00;  0
11:53:42; 23.80; 20.00;  0
11:53:52; 23.70; 20.00;  0
11:54:02; 23.70; 20.00;  0
11:54:12; 23.70; 20.00;  0
11:54:23; 23.70; 21.00;  0
11:54:33; 23.70; 21.00;  0
11:54:44; 23.70; 21.00;  0
11:54:54; 23.70; 21.00;  0
11:55:05; 23.70; 21.00;  0
11:55:15; 23.70; 22.00;  0
11:55:25; 23.80; 23.00;  0
11:55:35; 23.70; 22.00;  0
11:55:46; 23.70; 21.00;  0
11:55:56; 23.70; 21.00;  0
11:56:06; 23.80; 21.00;  0
11:56:16; 23.80; 21.00;  0
11:56:27; 23.80; 21.00;  0
11:56:37; 23.80; 21.00;  0
11:56:48; 23.80; 21.00;  0
11:56:58; 23.80; 21.00;  0
11:57:09; 23.90; 21.00;  0
11:57:19; 23.80; 21.00;  0
11:57:29; 23.80; 21.00;  0
11:57:39; 23.80; 21.00;  0
11:57:50; 23.80; 21.00;  0
11:58:00; 23.80; 21.00;  0
11:58:10; 23.80; 21.00;  0
11:58:20; 23.80; 21.00;  0
11:58:31; 23.80; 21.00;  0
11:58:42; 23.80; 21.00;  0
11:58:52; 23.80; 21.00;  0
11:59:03; 23.80; 21.00;  0
11:59:13; 23.70; 21.00;  0
11:59:23; 23.70; 21.00;  0
11:59:33; 23.70; 21.00;  0
11:59:44; 23.70; 21.00;  0
11:59:54; 23.80; 21.00;  0
12:00:04; 23.80; 21.00;  0
12:00:14; 23.80; 21.00;  0
12:00:25; 23.80; 21.00;  0
12:00:35; 23.80; 21.00;  0
12:00:46; 23.80; 21.00;  0
12:00:56; 23.90; 21.00;  0
12:01:06; 23.80; 21.00;  0
12:01:16; 23.80; 21.00;  0
12:01:27; 23.90; 21.00;  0
12:01:37; 23.80; 21.00;  0
12:01:48; 23.80; 21.00;  0
12:01:58; 23.80; 21.00;  0
12:02:09; 23.80; 21.00;  0
12:02:19; 23.80; 21.00;  0
12:02:29; 23.80; 21.00;  0
12:02:39; 23.90; 22.00;  0
12:02:50; 23.90; 21.00;  0
12:03:00; 23.90; 21.00;  0
12:03:10; 23.90; 21.00;  0
12:03:20; 24.00; 21.00;  0
12:03:31; 24.00; 21.00;  0
12:03:42; 24.00; 20.00;  0
12:03:52; 24.00; 20.00;  0
12:04:03; 24.00; 20.00;  0
12:04:13; 24.10; 20.00;  0
12:04:23; 24.10; 20.00;  0
12:04:33; 24.10; 20.00;  0
12:04:44; 24.10; 20.00;  0
12:04:54; 24.10; 20.00;  0
12:05:04; 24.10; 20.00;  0
12:05:14; 24.10; 20.00;  0
12:05:25; 24.10; 20.00;  0
12:05:35; 24.10; 20.00;  0
12:05:46; 24.10; 20.00;  0
12:05:56; 24.10; 20.00;  0
12:06:07; 24.10; 21.00;  0
12:06:17; 24.10; 20.00;  0
12:06:27; 24.10; 20.00;  0
12:06:37; 24.10; 20.00;  0
12:06:48; 24.10; 20.00;  0
12:06:58; 24.00; 20.00;  0
12:07:08; 24.00; 20.00;  0
12:07:18; 24.00; 20.00;  0
12:07:29; 24.00; 20.00;  0
12:07:39; 24.10; 20.00;  0
12:07:50; 24.00; 20.00;  0
12:08:01; 24.10; 20.00;  0
12:08:11; 24.10; 20.00;  0
12:08:21; 24.10; 20.00;  0
12:08:31; 24.00; 20.00;  0
12:08:42; 24.00; 20.00;  0
12:08:52; 24.00; 20.00;  0
12:09:02; 23.90; 20.00;  0
12:09:12; 24.00; 20.00;  0
12:09:23; 24.00; 20.00;  0
12:09:33; 24.00; 20.00;  0
12:09:44; 24.00; 20.00;  0
12:09:54; 24.00; 20.00;  0
12:10:05; 23.90; 20.00;  0
12:10:15; 24.00; 20.00;  0
12:10:25; 24.00; 20.00;  0
12:10:35; 24.00; 20.00;  0
12:10:46; 24.00; 20.00;  0
12:10:56; 24.00; 20.00;  0
12:11:06; 24.00; 20.00;  0
12:11:16; 24.10; 21.00;  0
12:11:27; 24.10; 21.00;  0
12:11:37; 24.10; 20.00;  0
12:11:48; 24.10; 20.00;  0
12:11:58; 24.10; 20.00;  0
12:12:09; 23.90; 20.00;  0
12:12:19; 23.90; 20.00;  0
12:12:29; 23.90; 20.00;  0
12:12:39; 24.00; 20.00;  0
12:12:50; 23.90; 20.00;  0
12:13:00; 23.90; 20.00;  0
12:13:10; 24.00; 21.00;  0
12:13:20; 24.00; 21.00;  0
12:13:31; 24.00; 21.00;  0
12:13:42; 24.00; 21.00;  0
12:13:52; 24.10; 22.00;  0
12:14:03; 24.10; 22.00;  0
12:14:13; 24.10; 21.00;  0
12:14:23; 24.10; 21.00;  0
12:14:33; 24.10; 21.00;  0
12:14:44; 24.20; 21.00;  0
12:14:54; 24.20; 21.00;  0
12:15:04; 24.10; 21.00;  0
12:15:14; 24.10; 20.00;  0
12:15:25; 24.10; 21.00;  0
12:15:35; 24.10; 20.00;  0
12:15:46; 24.10; 20.00;  0
12:15:56; 24.10; 20.00;  0
12:16:06; 24.10; 20.00;  0
12:16:16; 24.10; 21.00;  0
12:16:27; 24.10; 21.00;  0
12:16:37; 24.10; 21.00;  0
12:16:48; 24.10; 21.00;  0
12:16:58; 24.10; 21.00;  0
12:17:09; 24.10; 21.00;  0
12:17:19; 24.10; 21.00;  0
12:17:29; 24.10; 21.00;  0
12:17:39; 24.10; 21.00;  0
12:17:50; 24.10; 21.00;  0
12:18:00; 24.10; 21.00;  0
12:18:10; 24.10; 21.00;  0
12:18:20; 24.10; 21.00;  0
12:18:31; 24.10; 21.00;  0
12:18:42; 24.10; 21.00;  0
12:18:52; 24.10; 21.00;  0
12:19:03; 24.10; 21.00;  0
12:19:13; 24.10; 21.00;  0
12:19:23; 24.10; 21.00;  0
12:19:33; 24.10; 21.00;  0
12:19:44; 24.10; 21.00;  0
12:19:54; 24.10; 21.00;  0
12:20:04; 24.10; 21.00;  0
12:20:14; 24.10; 21.00;  0
12:20:25; 24.10; 20.00;  0
12:20:35; 24.10; 21.00;  0
12:20:46; 24.10; 20.00;  0
12:20:56; 24.10; 20.00;  0
12:21:07; 24.10; 20.00;  0
12:21:17; 24.10; 20.00;  0
12:21:27; 24.10; 20.00;  0
12:21:37; 24.10; 20.00;  0
12:21:48; 24.10; 20.00;  0
12:21:58; 24.20; 20.00;  0
12:22:08; 24.10; 20.00;  0
12:22:18; 24.20; 20.00;  0
12:22:29; 24.20; 20.00;  0
12:22:39; 24.20; 20.00;  0
12:22:50; 24.10; 20.00;  0
12:23:01; 24.20; 20.00;  0
12:23:11; 24.20; 20.00;  0
12:23:21; 24.20; 20.00;  0
12:23:31; 24.20; 20.00;  0
12:23:42; 24.20; 20.00;  0
12:23:52; 24.20; 20.00;  0
12:24:02; 24.20; 20.00;  0
12:24:12; 24.20; 20.00;  0
12:24:23; 24.20; 21.00;  0
12:24:33; 24.20; 20.00;  0
12:24:44; 24.20; 20.00;  0
12:24:54; 24.20; 20.00;  0
12:25:05; 24.20; 20.00;  0
12:25:15; 24.20; 20.00;  0
12:25:25; 24.10; 20.00;  0
12:25:35; 24.10; 20.00;  0
12:25:46; 24.10; 20.00;  0
12:25:56; 24.10; 21.00;  0
12:26:06; 24.10; 21.00;  0
12:26:16; 24.20; 21.00;  0
12:26:27; 24.20; 21.00;  0
12:26:37; 24.20; 21.00;  0
12:26:48; 24.20; 20.00;  0
12:26:58; 24.20; 20.00;  0
12:27:09; 24.20; 20.00;  0
12:27:19; 24.20; 20.00;  0
12:27:29; 24.30; 20.00;  0
12:27:39; 24.30; 20.00;  0
12:27:50; 24.30; 21.00;  0
12:28:00; 24.30; 21.00;  0
12:28:10; 24.30; 20.00;  0
12:28:20; 24.30; 20.00;  0
12:28:31; 24.20; 20.00;  0
12:28:42; 24.20; 20.00;  0
12:28:52; 24.20; 20.00;  0
12:29:03; 24.10; 20.00;  0
12:29:13; 24.10; 20.00;  0
12:29:23; 24.10; 20.00;  0
12:29:33; 24.10; 21.00;  0
12:29:44; 24.10; 21.00;  0
12:29:54; 24.10; 21.00;  0
12:30:04; 24.10; 21.00;  0
12:30:14; 24.10; 21.00;  0
12:30:25; 24.10; 21.00;  0
12:30:35; 24.10; 21.00;  0
12:30:46; 24.10; 21.00;  0
12:30:56; 24.10; 21.00;  0
12:31:06; 24.10; 21.00;  0
12:31:16; 24.20; 21.00;  0
12:31:27; 24.10; 21.00;  0
12:31:37; 24.20; 21.00;  0
12:31:48; 24.20; 21.00;  0
12:31:58; 24.20; 21.00;  0
12:32:09; 24.20; 20.00;  0
12:32:19; 24.10; 21.00;  0
12:32:29; 24.10; 21.00;  0
12:32:39; 24.10; 21.00;  0
12:32:50; 24.10; 21.00;  0
12:33:00; 24.10; 21.00;  0
12:33:10; 24.10; 21.00;  0
12:33:20; 24.10; 21.00;  0
12:33:31; 24.10; 21.00;  0
12:33:42; 24.10; 21.00;  0
12:33:52; 24.20; 21.00;  0
12:34:03; 24.10; 21.00;  0
12:34:13; 24.20; 20.00;  0
12:34:23; 24.20; 20.00;  0
12:34:33; 24.20; 20.00;  0
12:34:44; 24.10; 21.00;  0
12:34:54; 24.10; 21.00;  0
12:35:04; 24.20; 21.00;  0
12:35:14; 24.20; 20.00;  0
12:35:25; 24.20; 20.00;  0
12:35:35; 24.20; 21.00;  0
12:35:46; 24.20; 21.00;  0
12:35:56; 24.20; 21.00;  0
12:36:07; 24.20; 21.00;  0
12:36:17; 24.20; 20.00;  0
12:36:27; 24.20; 21.00;  0
12:36:37; 24.20; 20.00;  0
12:36:48; 24.20; 20.00;  0
12:36:58; 24.20; 21.00;  0
12:37:08; 24.20; 21.00;  0
12:37:18; 24.20; 20.00;  0
12:37:29; 24.20; 20.00;  0
12:37:39; 24.30; 20.00;  0
12:37:50; 24.20; 20.00;  0
12:38:01; 24.20; 20.00;  0
12:38:11; 24.20; 20.00;  0
12:38:21; 24.20; 20.00;  0
12:38:31; 24.20; 20.00;  0
12:38:42; 24.20; 21.00;  0
12:38:52; 24.20; 21.00;  0
12:39:03; 24.20; 20.00;  0
12:39:13; 24.20; 20.00;  0
12:39:23; 24.20; 20.00;  0
12:39:33; 24.20; 20.00;  0
12:39:44; 24.20; 20.00;  0
12:39:54; 24.20; 20.00;  0
12:40:05; 24.20; 21.00;  0
12:40:15; 24.20; 20.00;  0
12:40:25; 24.20; 21.00;  0
12:40:35; 24.20; 21.00;  0
12:40:46; 24.20; 21.00;  0
12:40:56; 24.20; 20.00;  0
12:41:06; 24.20; 20.00;  0
12:41:16; 24.20; 20.00;  0
12:41:27; 24.20; 20.00;  0
12:41:37; 24.20; 20.00;  0
12:41:48; 24.20; 20.00;  0
12:41:58; 24.20; 21.00;  0
12:42:09; 24.20; 20.00;  0
12:42:19; 24.20; 21.00;  0
12:42:29; 24.20; 21.00;  0
12:42:39; 24.30; 21.00;  0
12:42:50; 24.30; 21.00;  0
12:43:00; 24.30; 22.00;  0
12:43:10; 24.20; 22.00;  0
12:43:20; 24.30; 21.00;  0
12:43:31; 24.30; 21.00;  0
12:43:42; 24.20; 21.00;  0
12:43:53; 24.20; 21.00;  0
12:44:04; 24.20; 20.00;  0
12:44:14; 24.30; 20.00;  0
12:44:25; 24.30; 20.00;  0
12:44:35; 24.30; 20.00;  0
12:44:46; 24.30; 20.00;  0
12:44:56; 24.30; 20.00;  0
12:45:06; 24.20; 20.00;  0
12:45:16; 24.30; 21.00;  0
12:45:27; 24.30; 21.00;  0
12:45:37; 24.30; 21.00;  0
12:45:48; 24.30; 21.00;  0
12:45:58; 24.30; 21.00;  0
12:46:08; 24.30; 21.00;  0
12:46:18; 24.30; 20.00;  0
12:46:29; 24.30; 20.00;  0
12:46:39; 24.30; 20.00;  0
12:46:50; 24.30; 20.00;  0
12:47:01; 24.30; 20.00;  0
12:47:11; 24.40; 20.00;  0
12:47:21; 24.30; 20.00;  0
12:47:32; 24.40; 20.00;  0
12:47:42; 24.40; 20.00;  0
12:47:52; 24.40; 20.00;  0
12:48:02; 24.40; 20.00;  0
12:48:12; 24.30; 20.00;  0
12:48:23; 24.40; 20.00;  0
12:48:33; 24.40; 20.00;  0
12:48:45; 24.30; 20.00;  0
12:48:55; 24.40; 20.00;  0
12:49:06; 24.40; 20.00;  0
12:49:16; 24.30; 21.00;  0
12:49:27; 24.30; 20.00;  0
12:49:37; 24.30; 20.00;  0
12:49:48; 24.30; 20.00;  0
12:49:58; 24.40; 20.00;  0
12:50:08; 24.40; 20.00;  0
12:50:18; 24.30; 21.00;  0
12:50:29; 24.40; 21.00;  0
12:50:39; 24.40; 21.00;  0
12:50:50; 24.40; 21.00;  0
12:51:01; 24.30; 21.00;  0
12:51:11; 24.30; 21.00;  0
12:51:21; 24.40; 21.00;  0
12:51:31; 24.40; 21.00;  0
12:51:42; 24.40; 21.00;  0
12:51:52; 24.40; 21.00;  0
12:52:02; 24.40; 21.00;  0
12:52:12; 24.30; 21.00;  0
12:52:23; 24.40; 21.00;  0
12:52:33; 24.40; 21.00;  0
12:52:44; 24.30; 21.00;  0
12:52:54; 24.30; 21.00;  0
12:53:05; 24.30; 21.00;  0
12:53:15; 24.30; 21.00;  0
12:53:25; 24.40; 21.00;  0
12:53:35; 24.40; 21.00;  0
12:53:46; 24.40; 21.00;  0
12:53:56; 24.40; 21.00;  0
12:54:06; 24.30; 21.00;  0
12:54:16; 24.40; 21.00;  0
12:54:27; 24.40; 21.00;  0
12:54:37; 24.30; 21.00;  0
12:54:48; 24.30; 21.00;  0
12:54:58; 24.40; 21.00;  0
12:55:09; 24.40; 21.00;  0
12:55:19; 24.40; 21.00;  0
12:55:29; 24.40; 21.00;  0
12:55:39; 24.40; 21.00;  0
12:55:50; 24.40; 21.00;  0
12:56:00; 24.40; 21.00;  0
12:56:10; 24.30; 21.00;  0
12:56:20; 24.40; 21.00;  0
12:56:32; 24.40; 21.00;  0
12:56:42; 24.40; 21.00;  0
12:56:52; 24.30; 21.00;  0
12:57:03; 24.30; 21.00;  0
12:57:13; 24.40; 21.00;  0
12:57:23; 24.40; 21.00;  0
12:57:33; 24.40; 21.00;  0
12:57:44; 24.40; 21.00;  0
12:57:55; 24.30; 21.00;  0
12:58:05; 24.40; 21.00;  0
12:58:15; 24.40; 21.00;  0
12:58:25; 24.40; 21.00;  0
12:58:35; 24.40; 22.00;  0
12:58:46; 24.30; 21.00;  0
12:58:56; 24.40; 21.00;  0
12:59:07; 24.40; 21.00;  0
12:59:17; 24.40; 21.00;  0
12:59:27; 24.40; 21.00;  0
12:59:37; 24.40; 20.00;  0
12:59:48; 24.50; 21.00;  0
12:59:58; 24.40; 21.00;  0
13:00:09; 24.50; 21.00;  0
13:00:19; 24.40; 21.00;  0
13:00:29; 24.40; 20.00;  0
13:00:40; 24.40; 20.00;  0
13:00:50; 24.40; 20.00;  0
13:01:00; 24.40; 20.00;  0
13:01:10; 24.40; 21.00;  0
13:01:20; 24.40; 21.00;  0
13:01:32; 24.40; 21.00;  0
13:01:42; 24.40; 21.00;  0
13:01:52; 24.40; 20.00;  0
13:02:03; 24.40; 20.00;  0
13:02:13; 24.40; 20.00;  0
13:02:23; 24.40; 21.00;  0
13:02:33; 24.40; 21.00;  0
13:02:45; 24.40; 21.00;  0
13:02:55; 24.40; 21.00;  0
13:03:05; 24.40; 20.00;  0
13:03:15; 24.40; 20.00;  0
13:03:25; 24.30; 20.00;  0
13:03:36; 24.40; 20.00;  0
13:03:46; 24.40; 22.00;  0
13:03:57; 24.30; 22.00;  0
13:04:08; 24.40; 21.00;  0
13:04:19; 24.40; 21.00;  0
13:04:29; 24.30; 23.00;  0
13:04:40; 24.40; 22.00;  0
13:04:50; 24.40; 21.00;  0
13:05:00; 24.30; 20.00;  0
13:05:10; 24.30; 20.00;  0
13:05:21; 24.30; 20.00;  0
13:05:31; 24.30; 20.00;  0
13:05:42; 24.30; 20.00;  0
13:05:52; 24.30; 20.00;  0
13:06:03; 24.30; 20.00;  0
13:06:13; 24.40; 20.00;  0
13:06:23; 24.30; 20.00;  0
13:06:34; 24.30; 20.00;  0
13:06:44; 24.40; 21.00;  0
13:06:54; 24.40; 21.00;  0
13:07:04; 24.40; 20.00;  0
13:07:14; 24.40; 20.00;  0
13:07:25; 24.40; 20.00;  0
13:07:35; 24.40; 20.00;  0
13:07:46; 24.40; 20.00;  0
13:07:57; 24.40; 20.00;  0
13:08:08; 24.40; 20.00;  0
13:08:18; 24.40; 20.00;  0
13:08:29; 24.40; 20.00;  0
13:08:39; 24.40; 20.00;  0
13:08:50; 24.30; 20.00;  0
13:09:00; 24.30; 20.00;  0
13:09:10; 24.40; 20.00;  0
13:09:20; 24.40; 20.00;  0
13:09:32; 24.40; 20.00;  0
13:09:42; 24.40; 20.00;  0
13:09:52; 24.40; 20.00;  0
13:10:03; 24.40; 20.00;  0
13:10:14; 24.40; 20.00;  0
13:10:26; 24.40; 21.00;  0
13:10:36; 24.50; 21.00;  0
13:10:46; 24.40; 21.00;  0
13:10:56; 24.40; 20.00;  0
13:11:06; 24.40; 20.00;  0
13:11:16; 24.40; 20.00;  0
13:11:27; 24.40; 20.00;  0
13:11:38; 24.40; 20.00;  0
13:11:49; 24.30; 20.00;  0
13:11:59; 24.30; 21.00;  0
13:12:10; 24.40; 21.00;  0
13:12:20; 24.40; 21.00;  0
13:12:31; 24.40; 20.00;  0
13:12:42; 24.40; 20.00;  0
13:12:53; 24.40; 20.00;  0
13:13:04; 24.40; 20.00;  0
13:13:14; 24.40; 20.00;  0
13:13:25; 24.40; 20.00;  0
13:13:35; 24.40; 21.00;  0
13:13:46; 24.40; 21.00;  0
13:13:56; 24.40; 20.00;  0
13:14:07; 24.40; 21.00;  0
13:14:18; 24.40; 20.00;  0
13:14:29; 24.40; 20.00;  0
13:14:40; 24.40; 20.00;  0
13:14:51; 24.40; 20.00;  0
13:15:02; 24.40; 20.00;  0
13:15:13; 24.30; 20.00;  0
13:15:23; 24.40; 20.00;  0
13:15:33; 24.40; 21.00;  0
13:15:44; 24.40; 20.00;  0
13:15:54; 24.40; 20.00;  0
13:16:04; 24.40; 20.00;  0
13:16:14; 24.40; 20.00;  0
13:16:25; 24.40; 20.00;  0
13:16:36; 24.40; 20.00;  0
13:16:46; 24.40; 20.00;  0
13:16:57; 24.40; 20.00;  0
13:17:08; 24.40; 20.00;  0
13:17:18; 24.40; 20.00;  0
13:17:29; 24.40; 20.00;  0
13:17:39; 24.40; 20.00;  0
13:17:50; 24.40; 20.00;  0
13:18:00; 24.40; 20.00;  0
13:18:11; 24.40; 20.00;  0
13:18:21; 24.40; 20.00;  0
13:18:32; 24.30; 20.00;  0
13:18:42; 24.40; 20.00;  0
13:18:52; 24.40; 20.00;  0
13:19:03; 24.40; 20.00;  0
13:19:13; 24.40; 20.00;  0
13:19:23; 24.40; 20.00;  0
13:19:33; 24.40; 20.00;  0
13:19:44; 24.40; 20.00;  0
13:19:54; 24.40; 20.00;  0
13:20:04; 24.40; 20.00;  0
13:20:14; 24.40; 20.00;  0
13:20:25; 24.40; 20.00;  0
13:20:35; 24.40; 20.00;  0
13:20:46; 24.40; 20.00;  0
13:20:56; 24.40; 20.00;  0
13:21:08; 24.40; 20.00;  0
13:21:18; 24.40; 20.00;  0
13:21:29; 24.40; 20.00;  0
13:21:39; 24.40; 20.00;  0
13:21:50; 24.40; 20.00;  0
13:22:00; 24.40; 21.00;  0
13:22:10; 24.40; 21.00;  0
13:22:21; 24.40; 21.00;  0
13:22:31; 24.40; 20.00;  0
13:22:42; 24.40; 20.00;  0
13:22:52; 24.40; 20.00;  0
13:23:03; 24.40; 20.00;  0
13:23:14; 24.40; 20.00;  0
13:23:25; 24.40; 20.00;  0
13:23:35; 24.40; 20.00;  0
13:23:47; 24.30; 20.00;  0
13:23:57; 24.30; 20.00;  0
13:24:07; 24.40; 20.00;  0
13:24:17; 24.30; 20.00;  0
13:24:27; 24.40; 20.00;  0
13:24:37; 24.30; 20.00;  0
13:24:48; 24.40; 20.00;  0
13:24:58; 24.30; 20.00;  0
13:25:09; 24.40; 20.00;  0
13:25:20; 24.40; 20.00;  0
13:25:31; 24.40; 20.00;  0
13:25:43; 24.30; 20.00;  0
13:25:53; 24.40; 22.00;  0
13:26:03; 24.40; 22.00;  0
13:26:13; 24.40; 21.00;  0
13:26:24; 24.40; 21.00;  0
13:26:34; 24.40; 21.00;  0
13:26:44; 24.40; 21.00;  0
13:26:55; 24.40; 22.00;  0
13:27:06; 24.60; 21.00;  0
13:27:17; 24.60; 21.00;  0
13:27:27; 24.60; 21.00;  0
13:27:37; 24.50; 20.00;  0
13:27:48; 24.50; 20.00;  0
13:27:58; 24.50; 20.00;  0
13:28:08; 24.60; 21.00;  0
13:28:19; 24.50; 21.00;  0
13:28:29; 24.60; 21.00;  0
13:28:39; 24.60; 21.00;  0
13:28:50; 24.60; 20.00;  0
13:29:01; 24.50; 20.00;  0
13:29:11; 24.60; 23.00;  0
13:29:21; 24.60; 22.00;  0
13:29:31; 24.60; 21.00;  0
13:29:42; 24.60; 21.00;  0
13:29:52; 24.60; 21.00;  0
13:30:03; 24.60; 20.00;  0
13:30:13; 24.60; 20.00;  0
13:30:24; 24.60; 20.00;  0
13:30:34; 24.60; 20.00;  0
13:30:44; 24.60; 20.00;  0
13:30:54; 24.60; 20.00;  0
13:31:04; 24.60; 20.00;  0
13:31:15; 24.60; 20.00;  0
13:31:25; 24.50; 20.00;  0
13:31:36; 24.60; 20.00;  0
13:31:46; 24.60; 20.00;  0
13:31:57; 24.60; 20.00;  0
13:32:08; 24.60; 20.00;  0
13:32:18; 24.60; 20.00;  0
13:32:30; 24.60; 20.00;  0
13:32:40; 24.70; 21.00;  0
13:32:50; 24.70; 21.00;  0
13:33:00; 24.70; 20.00;  0
13:33:11; 24.70; 20.00;  0
13:33:21; 24.60; 20.00;  0
13:33:32; 24.60; 20.00;  0
13:33:42; 24.60; 20.00;  0
13:33:52; 24.60; 20.00;  0
13:34:03; 24.60; 20.00;  0
13:34:13; 24.60; 20.00;  0
13:34:23; 24.60; 20.00;  0
13:34:33; 24.60; 20.00;  0
13:34:44; 24.60; 20.00;  0
13:34:54; 24.60; 20.00;  0
13:35:04; 24.60; 20.00;  0
13:35:15; 24.60; 20.00;  0
13:35:25; 24.60; 20.00;  0
13:35:35; 24.60; 20.00;  0
13:35:46; 24.60; 20.00;  0
13:35:56; 24.60; 20.00;  0
13:36:08; 24.60; 20.00;  0
13:36:18; 24.60; 20.00;  0
13:36:30; 24.60; 20.00;  0
13:36:40; 24.60; 20.00;  0
13:36:50; 24.60; 20.00;  0
13:37:00; 24.60; 20.00;  0
13:37:10; 24.60; 20.00;  0
13:37:20; 24.60; 19.00;  0
13:37:31; 24.60; 20.00;  0
13:37:42; 24.60; 20.00;  0
13:37:52; 24.60; 20.00;  0
13:38:03; 24.60; 20.00;  0
13:38:13; 24.60; 20.00;  0
13:38:23; 24.60; 20.00;  0
13:38:33; 24.60; 20.00;  0
13:38:44; 24.60; 20.00;  0
13:38:54; 24.60; 20.00;  0
13:39:04; 24.60; 20.00;  0
13:39:15; 24.60; 20.00;  0
13:39:26; 24.60; 20.00;  0
13:39:37; 24.60; 20.00;  0
13:39:49; 24.60; 20.00;  0
13:40:00; 24.60; 20.00;  0
13:40:10; 24.60; 20.00;  0
13:40:20; 24.60; 20.00;  0
13:40:31; 24.60; 20.00;  0
13:40:43; 24.60; 20.00;  0
13:40:54; 24.60; 20.00;  0
13:41:05; 24.60; 20.00;  0
13:41:15; 24.60; 20.00;  0
13:41:25; 24.60; 20.00;  0
13:41:36; 24.60; 20.00;  0
13:41:47; 24.60; 20.00;  0
13:41:58; 24.60; 20.00;  0
13:42:09; 24.60; 20.00;  0
13:42:20; 24.60; 20.00;  0
13:42:32; 24.60; 20.00;  0
13:42:42; 24.60; 20.00;  0
13:42:53; 24.70; 21.00;  0
13:43:04; 24.70; 21.00;  0
13:43:15; 24.60; 20.00;  0
13:43:26; 24.60; 20.00;  0
13:43:37; 24.60; 20.00;  0
13:43:48; 24.60; 20.00;  0
13:43:59; 24.60; 20.00;  0
13:44:10; 24.60; 20.00;  0
13:44:20; 24.60; 20.00;  0
13:44:31; 24.60; 20.00;  0
13:44:42; 24.60; 20.00;  0
13:44:52; 24.60; 20.00;  0
13:45:02; 24.60; 19.00;  0
13:45:13; 24.60; 19.00;  0
13:45:23; 24.60; 19.00;  0
13:45:34; 24.60; 20.00;  0
13:45:45; 24.60; 20.00;  0
13:45:56; 24.60; 19.00;  0
13:46:07; 24.60; 19.00;  0
13:46:18; 24.60; 20.00;  0
13:46:29; 24.60; 20.00;  0
13:46:39; 24.60; 20.00;  0
13:46:50; 24.60; 19.00;  0
13:47:01; 24.50; 19.00;  0
13:47:11; 24.50; 19.00;  0
13:47:22; 24.50; 20.00;  0
13:47:33; 24.50; 20.00;  0
13:47:44; 24.50; 20.00;  0
13:47:55; 24.50; 20.00;  0
13:48:05; 24.60; 20.00;  0
13:48:16; 24.60; 20.00;  0
13:48:27; 24.60; 20.00;  0
13:48:38; 24.60; 20.00;  0
13:48:48; 24.60; 20.00;  0
13:48:59; 24.60; 20.00;  0
13:49:10; 24.60; 19.00;  0
13:49:20; 24.60; 19.00;  0
13:49:31; 24.60; 19.00;  0
13:49:42; 24.70; 19.00;  0
13:49:52; 24.60; 19.00;  0
13:50:02; 24.60; 19.00;  0
13:50:12; 24.60; 19.00;  0
13:50:23; 24.60; 19.00;  0
13:50:33; 24.50; 19.00;  0
13:50:44; 24.50; 19.00;  0
13:50:54; 24.60; 19.00;  0
13:51:05; 24.60; 19.00;  0
13:51:15; 24.60; 19.00;  0
13:51:25; 24.60; 19.00;  0
13:51:36; 24.60; 19.00;  0
13:51:46; 24.60; 19.00;  0
13:51:57; 24.60; 19.00;  0
13:52:07; 24.60; 19.00;  0
13:52:17; 24.60; 19.00;  0
13:52:27; 24.70; 19.00;  0
13:52:37; 24.70; 19.00;  0
13:52:48; 24.70; 19.00;  0
13:52:58; 24.70; 19.00;  0
13:53:09; 24.70; 19.00;  0
13:53:19; 24.70; 19.00;  0
13:53:29; 24.70; 19.00;  0
13:53:39; 24.70; 19.00;  0
13:53:50; 24.70; 19.00;  0
13:54:00; 24.70; 19.00;  0
13:54:10; 24.70; 19.00;  0
13:54:20; 24.70; 19.00;  0
13:54:32; 24.70; 19.00;  0
13:54:42; 24.70; 19.00;  0
13:54:52; 24.60; 19.00;  0
13:55:03; 24.60; 19.00;  0
13:55:13; 24.60; 19.00;  0
13:55:23; 24.60; 19.00;  0
13:55:33; 24.60; 19.00;  0
13:55:44; 24.60; 19.00;  0
13:55:54; 24.60; 19.00;  0
13:56:04; 24.60; 19.00;  0
13:56:14; 24.60; 19.00;  0
13:56:25; 24.60; 19.00;  0
13:56:35; 24.60; 19.00;  0
13:56:46; 24.70; 19.00;  0
13:56:56; 24.70; 19.00;  0
13:57:07; 24.60; 19.00;  0
13:57:18; 24.60; 19.00;  0
13:57:29; 24.60; 19.00;  0
13:57:39; 24.60; 19.00;  0
13:57:51; 24.60; 19.00;  0
13:58:01; 24.60; 19.00;  0
13:58:11; 24.60; 19.00;  0
13:58:21; 24.60; 19.00;  0
13:58:32; 24.60; 19.00;  0
13:58:42; 24.50; 19.00;  0
13:58:52; 24.60; 19.00;  0
13:59:04; 24.60; 19.00;  0
13:59:14; 24.60; 19.00;  0
13:59:25; 24.60; 19.00;  0
13:59:35; 24.60; 19.00;  0
13:59:47; 24.60; 19.00;  0
13:59:57; 24.60; 19.00;  0
14:00:07; 24.60; 19.00;  0
14:00:17; 24.60; 19.00;  0
14:00:27; 24.60; 19.00;  0
14:00:37; 24.60; 19.00;  0
14:00:48; 24.60; 19.00;  0
14:00:58; 24.60; 19.00;  0
14:01:08; 24.60; 19.00;  0
14:01:18; 24.60; 19.00;  0
14:01:30; 24.60; 19.00;  0
14:01:40; 24.60; 19.00;  0
14:01:50; 24.60; 19.00;  0
14:02:02; 24.60; 19.00;  0
14:02:12; 24.60; 19.00;  0
14:02:23; 24.60; 19.00;  0
14:02:33; 24.60; 19.00;  0
14:02:44; 24.60; 19.00;  0
14:02:54; 24.60; 19.00;  0
14:03:04; 24.60; 19.00;  0
14:03:14; 24.60; 19.00;  0
14:03:25; 24.60; 19.00;  0
14:03:36; 24.60; 19.00;  0
14:03:46; 24.50; 19.00;  0
14:03:56; 24.50; 19.00;  0
14:04:07; 24.50; 19.00;  0
14:04:18; 24.50; 19.00;  0
14:04:29; 24.50; 19.00;  0
14:04:39; 24.60; 19.00;  0
14:04:50; 24.60; 19.00;  0
14:05:00; 24.60; 19.00;  0
14:05:10; 24.60; 19.00;  0
14:05:20; 24.60; 19.00;  0
14:05:31; 24.60; 19.00;  0
14:05:42; 24.60; 19.00;  0
14:05:53; 24.60; 19.00;  0
14:06:05; 24.60; 19.00;  0
14:06:15; 24.60; 19.00;  0
14:06:25; 24.60; 19.00;  0
14:06:35; 24.70; 19.00;  0
14:06:46; 24.70; 19.00;  0
14:06:56; 24.70; 19.00;  0
14:07:06; 24.70; 19.00;  0
14:07:17; 24.70; 19.00;  0
14:07:27; 24.70; 19.00;  0
14:07:37; 24.60; 19.00;  0
14:07:48; 24.70; 19.00;  0
14:07:58; 24.70; 19.00;  0
14:08:10; 24.70; 19.00;  0
14:08:20; 24.70; 19.00;  0
14:08:31; 24.70; 19.00;  0
14:08:43; 24.70; 19.00;  0
14:08:53; 24.70; 19.00;  0
14:09:04; 24.70; 19.00;  0
14:09:14; 24.70; 19.00;  0
14:09:26; 24.70; 19.00;  0
14:09:36; 24.70; 19.00;  0
14:09:47; 24.70; 19.00;  0
14:09:57; 24.70; 19.00;  0
14:10:09; 24.70; 19.00;  0
14:10:20; 24.70; 19.00;  0
14:10:32; 24.70; 19.00;  0
14:10:42; 24.70; 19.00;  0
14:10:53; 24.70; 19.00;  0
14:11:03; 24.70; 19.00;  0
14:11:14; 24.70; 18.00;  0
14:11:26; 24.70; 18.00;  0
14:11:36; 24.70; 18.00;  0
14:11:47; 24.70; 18.00;  0
14:11:57; 24.70; 19.00;  0
14:12:08; 24.70; 18.00;  0
14:12:18; 24.70; 18.00;  0
14:12:29; 24.80; 18.00;  0
14:12:39; 24.80; 18.00;  0
14:12:50; 24.80; 19.00;  0
14:13:01; 24.80; 19.00;  0
14:13:11; 24.80; 18.00;  0
14:13:22; 24.80; 18.00;  0
14:13:32; 24.80; 18.00;  0
14:13:43; 24.80; 18.00;  0
14:13:53; 24.80; 18.00;  0
14:14:04; 24.80; 18.00;  0
14:14:14; 24.80; 18.00;  0
14:14:25; 24.80; 18.00;  0
14:14:35; 24.80; 18.00;  0
14:14:46; 24.80; 18.00;  0
14:14:57; 24.80; 18.00;  0
14:15:07; 24.80; 18.00;  0
14:15:18; 24.80; 18.00;  0
14:15:30; 24.80; 18.00;  0
14:15:41; 24.80; 18.00;  0
14:15:51; 24.80; 18.00;  0
14:16:02; 24.80; 18.00;  0
14:16:12; 24.80; 18.00;  0
14:16:23; 24.80; 18.00;  0
14:16:34; 24.80; 18.00;  0
14:16:44; 24.80; 18.00;  0
14:16:55; 24.80; 18.00;  0
14:17:07; 24.80; 18.00;  0
14:17:18; 24.80; 18.00;  0
14:17:30; 24.70; 18.00;  0
14:17:41; 24.70; 18.00;  0
14:17:51; 24.80; 18.00;  0
14:18:02; 24.80; 18.00;  0
14:18:13; 24.80; 18.00;  0
14:18:24; 24.80; 18.00;  0
14:18:34; 24.80; 18.00;  0
14:18:45; 24.80; 18.00;  0
14:18:56; 24.80; 18.00;  0
14:19:08; 24.80; 18.00;  0
14:19:19; 24.70; 18.00;  0
14:19:30; 24.80; 18.00;  0
14:19:41; 24.80; 18.00;  0
14:19:52; 24.80; 18.00;  0
14:20:02; 24.80; 18.00;  0
14:20:13; 24.80; 18.00;  0
14:20:24; 24.80; 18.00;  0
14:20:35; 24.80; 18.00;  0
14:20:46; 24.80; 18.00;  0
14:20:56; 24.90; 18.00;  0
14:21:07; 24.80; 18.00;  0
14:21:18; 24.90; 18.00;  0
14:21:29; 24.90; 18.00;  0
14:21:39; 24.90; 18.00;  0
14:21:50; 24.80; 18.00;  0
14:22:01; 24.90; 18.00;  0
14:22:12; 24.80; 18.00;  0
14:22:23; 24.80; 18.00;  0
14:22:34; 24.80; 18.00;  0
14:22:45; 24.80; 18.00;  0
14:22:56; 24.80; 18.00;  0
14:23:07; 24.80; 18.00;  0
14:23:18; 24.80; 18.00;  0
14:23:30; 24.80; 18.00;  0
14:23:41; 24.80; 18.00;  0
14:23:52; 24.70; 18.00;  0
14:24:03; 24.80; 18.00;  0
14:24:14; 24.80; 18.00;  0
14:24:25; 24.70; 18.00;  0
14:24:36; 24.70; 18.00;  0
14:24:46; 24.70; 18.00;  0
14:24:57; 24.70; 18.00;  0
14:25:08; 24.70; 18.00;  0
14:25:19; 24.70; 18.00;  0
14:25:30; 24.70; 18.00;  0
14:25:41; 24.70; 18.00;  0
14:25:52; 24.70; 18.00;  0
14:26:03; 24.70; 18.00;  0
14:26:14; 24.80; 18.00;  0
14:26:25; 24.80; 18.00;  0
14:26:36; 24.70; 18.00;  0
14:26:46; 24.80; 18.00;  0
14:26:57; 24.80; 18.00;  0
14:27:08; 24.80; 18.00;  0
14:27:19; 24.80; 18.00;  0
14:27:30; 24.80; 18.00;  0
14:27:41; 24.80; 18.00;  0
14:27:52; 24.80; 18.00;  0
14:28:02; 24.80; 18.00;  0
14:28:13; 24.80; 18.00;  0
14:28:24; 24.80; 18.00;  0
14:28:35; 24.80; 18.00;  0
14:28:47; 24.80; 18.00;  0
14:28:58; 24.80; 18.00;  0
14:29:09; 24.80; 18.00;  0
14:29:20; 24.80; 18.00;  0
14:29:31; 24.80; 18.00;  0
14:29:42; 24.80; 18.00;  0
14:29:52; 24.80; 18.00;  0
14:30:03; 24.80; 18.00;  0
14:30:14; 24.80; 18.00;  0
14:30:25; 24.80; 18.00;  0
14:30:36; 24.80; 18.00;  0
14:30:47; 24.80; 18.00;  0
14:30:58; 24.80; 18.00;  0
14:31:08; 24.80; 18.00;  0
14:31:19; 24.80; 18.00;  0
14:31:30; 24.80; 18.00;  0
14:31:41; 24.80; 18.00;  0
14:31:51; 24.80; 18.00;  0
14:32:02; 24.80; 18.00;  0
14:32:13; 24.80; 18.00;  0
14:32:24; 24.80; 18.00;  0
14:32:35; 24.80; 18.00;  0
14:32:47; 24.80; 18.00;  0
14:32:58; 24.80; 18.00;  0
14:33:09; 24.80; 18.00;  0
14:33:20; 24.80; 18.00;  0
14:33:32; 24.80; 18.00;  0
14:33:43; 24.80; 18.00;  0
14:33:54; 24.80; 18.00;  0
14:34:05; 24.80; 18.00;  0
14:34:15; 24.80; 18.00;  0
14:34:26; 24.80; 18.00;  0
14:34:37; 24.80; 18.00;  0
14:34:49; 24.80; 18.00;  0
14:35:00; 24.80; 18.00;  0
14:35:10; 24.70; 18.00;  0
14:35:21; 24.80; 18.00;  0
14:35:32; 24.80; 18.00;  0
14:35:42; 24.80; 18.00;  0
14:35:53; 24.80; 18.00;  0
14:36:04; 24.80; 18.00;  0
14:36:14; 24.80; 18.00;  0
14:36:25; 24.70; 18.00;  0
14:36:35; 24.70; 18.00;  0
14:36:46; 24.70; 18.00;  0
14:36:57; 24.70; 18.00;  0
14:37:07; 24.70; 18.00;  0
14:37:18; 24.70; 18.00;  0
14:37:30; 24.70; 18.00;  0
14:37:41; 24.70; 18.00;  0
14:37:51; 24.70; 18.00;  0
14:38:02; 24.70; 18.00;  0
14:38:12; 24.70; 18.00;  0
14:38:23; 24.70; 18.00;  0
14:38:33; 24.60; 18.00;  0
14:38:44; 24.70; 18.00;  0
14:38:54; 24.70; 18.00;  0
14:39:05; 24.70; 18.00;  0
14:39:15; 24.70; 18.00;  0
14:39:26; 24.70; 18.00;  0
14:39:36; 24.60; 18.00;  0
14:39:47; 24.70; 18.00;  0
14:39:57; 24.60; 18.00;  0
14:40:08; 24.70; 18.00;  0
14:40:18; 24.70; 18.00;  0
14:40:30; 24.60; 18.00;  0
14:40:41; 24.60; 18.00;  0
14:40:51; 24.70; 18.00;  0
14:41:02; 24.70; 18.00;  0
14:41:12; 24.70; 18.00;  0
14:41:23; 24.70; 18.00;  0
14:41:33; 24.70; 18.00;  0
14:41:45; 24.70; 18.00;  0
14:41:56; 24.70; 18.00;  0
14:42:08; 24.70; 18.00;  0
14:42:18; 24.70; 18.00;  0
14:42:29; 24.60; 18.00;  0
14:42:39; 24.70; 18.00;  0
14:42:51; 24.70; 18.00;  0
14:43:02; 24.70; 18.00;  0
14:43:12; 24.60; 18.00;  0
14:43:24; 24.60; 18.00;  0
14:43:35; 24.70; 18.00;  0
14:43:47; 24.70; 18.00;  0
14:43:57; 24.60; 18.00;  0
14:44:08; 24.60; 18.00;  0
14:44:18; 24.60; 18.00;  0
14:44:30; 24.60; 18.00;  0
14:44:41; 24.60; 18.00;  0
14:44:51; 24.60; 18.00;  0
14:45:01; 24.60; 18.00;  0
14:45:11; 24.60; 18.00;  0
14:45:21; 24.60; 18.00;  0
14:45:32; 24.60; 18.00;  0
14:45:42; 24.50; 19.00;  0
14:45:52; 24.60; 18.00;  0
14:46:02; 24.60; 18.00;  0
14:46:13; 24.60; 18.00;  0
14:46:23; 24.60; 18.00;  0
14:46:33; 24.60; 19.00;  0
14:46:45; 24.60; 18.00;  0
14:46:55; 24.60; 19.00;  0
14:47:06; 24.50; 18.00;  0
14:47:17; 24.60; 19.00;  0
14:47:28; 24.50; 19.00;  0
14:47:38; 24.60; 19.00;  0
14:47:48; 24.60; 18.00;  0
14:47:58; 24.60; 20.00;  0
14:48:08; 24.50; 19.00;  0
14:48:18; 24.50; 19.00;  0
