Dia;       Monday, 06. February 2023;  Hora de Inicio;    10:11:35
Hora [HH:MM:SS]; Temperatura[Celsius];  Humedad[%];  OK?[I/O]
10:11:52; 20.00; 29.00;  0
10:12:23; 20.30; 28.00;  0
10:12:54; 20.40; 27.00;  0
10:13:25; 20.60; 27.00;  0
10:13:56; 20.60; 26.00;  0
10:14:27; 20.60; 26.00;  0
10:14:58; 20.60; 26.00;  0
10:15:29; 20.70; 26.00;  0
10:16:00; 20.80; 26.00;  0
10:16:31; 20.90; 26.00;  0
10:17:02; 20.90; 26.00;  0
10:17:33; 21.00; 25.00;  0
10:18:04; 21.10; 25.00;  0
10:18:35; 21.10; 25.00;  0
10:19:06; 21.20; 25.00;  0
10:19:37; 21.20; 25.00;  0
10:20:08; 21.20; 26.00;  0
10:20:39; 21.30; 26.00;  0
10:21:10; 21.30; 26.00;  0
10:21:41; 21.40; 26.00;  0
10:22:11; 21.40; 25.00;  0
10:22:42; 21.40; 25.00;  0
10:23:13; 21.50; 25.00;  0
10:23:44; 21.50; 25.00;  0
10:24:14; 21.60; 25.00;  0
10:24:45; 21.60; 25.00;  0
10:25:16; 21.60; 24.00;  0
10:25:47; 21.60; 24.00;  0
10:26:17; 21.60; 24.00;  0
10:26:48; 21.60; 24.00;  0
10:27:19; 21.70; 24.00;  0
10:27:50; 21.70; 24.00;  0
10:28:20; 21.70; 24.00;  0
10:28:51; 21.60; 24.00;  0
10:29:22; 21.70; 24.00;  0
10:29:52; 21.70; 24.00;  0
10:30:23; 21.80; 24.00;  0
10:30:54; 21.70; 24.00;  0
10:31:25; 21.80; 24.00;  0
10:31:56; 21.80; 24.00;  0
10:32:27; 21.90; 24.00;  0
10:32:58; 21.80; 24.00;  0
10:33:29; 21.80; 24.00;  0
10:34:00; 21.80; 24.00;  0
10:34:31; 21.80; 24.00;  0
10:35:02; 21.80; 24.00;  0
10:35:33; 21.80; 24.00;  0
10:36:04; 21.80; 24.00;  0
10:36:35; 21.80; 24.00;  0
10:37:06; 21.90; 24.00;  0
10:37:37; 21.90; 23.00;  0
10:38:08; 21.90; 23.00;  0
10:38:39; 22.00; 23.00;  0
10:39:10; 22.00; 23.00;  0
10:39:41; 22.10; 23.00;  0
10:40:12; 22.10; 23.00;  0
10:40:43; 22.20; 23.00;  0
10:41:13; 22.10; 23.00;  0
10:41:44; 22.20; 23.00;  0
10:42:15; 22.20; 24.00;  0
10:42:46; 22.10; 23.00;  0
10:43:16; 22.20; 23.00;  0
10:43:47; 22.20; 23.00;  0
10:44:18; 22.10; 23.00;  0
10:44:49; 22.20; 23.00;  0
10:45:19; 22.20; 22.00;  0
10:45:50; 22.20; 22.00;  0
10:46:20; 22.20; 22.00;  0
10:46:51; 22.20; 22.00;  0
10:47:22; 22.20; 22.00;  0
10:47:52; 22.20; 22.00;  0
10:48:23; 22.20; 22.00;  0
10:48:54; 22.20; 22.00;  0
10:49:25; 22.20; 22.00;  0
10:49:56; 22.20; 22.00;  0
10:50:27; 22.20; 22.00;  0
10:50:58; 22.20; 22.00;  0
10:51:29; 22.30; 22.00;  0
10:52:00; 22.30; 22.00;  0
10:52:31; 22.30; 22.00;  0
10:53:02; 22.30; 22.00;  0
10:53:33; 22.30; 22.00;  0
10:54:04; 22.30; 22.00;  0
10:54:35; 22.30; 22.00;  0
10:55:06; 22.30; 22.00;  0
10:55:37; 22.30; 22.00;  0
10:56:08; 22.30; 22.00;  0
10:56:39; 22.30; 22.00;  0
10:57:10; 22.40; 22.00;  0
10:57:41; 22.40; 21.00;  0
10:58:11; 22.40; 21.00;  0
10:58:42; 22.30; 21.00;  0
10:59:13; 22.30; 21.00;  0
10:59:44; 22.30; 21.00;  0
11:00:14; 22.30; 21.00;  0
11:00:45; 22.40; 21.00;  0
11:01:15; 22.30; 22.00;  0
11:01:46; 22.40; 21.00;  0
11:02:17; 22.40; 21.00;  0
11:02:48; 22.30; 21.00;  0
11:03:18; 22.30; 21.00;  0
11:03:49; 22.40; 21.00;  0
11:04:20; 22.40; 21.00;  0
11:04:51; 22.40; 22.00;  0
11:05:21; 22.30; 21.00;  0
11:05:52; 22.30; 21.00;  0
11:06:23; 22.30; 21.00;  0
11:06:54; 22.40; 21.00;  0
11:07:25; 22.30; 22.00;  0
11:07:56; 22.40; 22.00;  0
11:08:27; 22.40; 22.00;  0
11:08:58; 22.40; 22.00;  0
11:09:29; 22.40; 22.00;  0
11:10:00; 22.40; 22.00;  0
11:10:31; 22.40; 21.00;  0
11:11:02; 22.40; 21.00;  0
11:11:33; 22.50; 21.00;  0
11:12:04; 22.50; 21.00;  0
11:12:35; 22.50; 21.00;  0
11:13:06; 22.60; 21.00;  0
11:13:37; 22.60; 20.00;  0
11:14:08; 22.50; 21.00;  0
11:14:39; 22.50; 21.00;  0
11:15:10; 22.60; 21.00;  0
11:15:41; 22.60; 21.00;  0
11:16:11; 22.50; 21.00;  0
11:16:42; 22.50; 21.00;  0
11:17:13; 22.50; 21.00;  0
11:17:44; 22.60; 21.00;  0
11:18:14; 22.60; 23.00;  0
11:18:45; 22.60; 23.00;  0
11:19:16; 22.60; 22.00;  0
11:19:47; 22.60; 22.00;  0
11:20:17; 22.60; 22.00;  0
11:20:48; 22.60; 22.00;  0
11:21:19; 22.60; 21.00;  0
11:21:50; 22.60; 21.00;  0
11:22:20; 22.60; 21.00;  0
11:22:51; 22.60; 21.00;  0
11:23:22; 22.60; 22.00;  0
11:23:52; 22.60; 21.00;  0
11:24:23; 22.70; 21.00;  0
11:24:54; 22.70; 21.00;  0
11:25:25; 22.70; 21.00;  0
11:25:56; 22.70; 20.00;  0
11:26:27; 22.70; 21.00;  0
11:26:58; 22.80; 21.00;  0
11:27:29; 22.70; 21.00;  0
11:28:00; 22.70; 21.00;  0
11:28:31; 22.70; 21.00;  0
11:29:02; 22.70; 22.00;  0
11:29:33; 22.70; 21.00;  0
11:30:04; 22.80; 21.00;  0
11:30:35; 22.80; 21.00;  0
11:31:06; 22.80; 20.00;  0
11:31:37; 22.80; 20.00;  0
11:32:08; 22.90; 20.00;  0
11:32:39; 22.80; 20.00;  0
11:33:10; 22.90; 20.00;  0
11:33:41; 22.90; 20.00;  0
11:34:12; 23.00; 20.00;  0
11:34:43; 23.00; 20.00;  0
11:35:13; 23.00; 20.00;  0
11:35:44; 23.00; 20.00;  0
11:36:15; 23.00; 20.00;  0
11:36:46; 23.00; 20.00;  0
11:37:16; 23.00; 20.00;  0
11:37:47; 23.00; 20.00;  0
11:38:18; 23.00; 20.00;  0
11:38:49; 23.10; 20.00;  0
11:39:19; 23.00; 20.00;  0
11:39:50; 23.00; 20.00;  0
11:40:21; 23.00; 20.00;  0
11:40:52; 22.90; 21.00;  0
11:41:23; 23.00; 21.00;  0
11:41:54; 23.10; 20.00;  0
11:42:25; 23.00; 20.00;  0
11:42:56; 23.10; 20.00;  0
11:43:27; 23.20; 20.00;  0
11:43:58; 23.10; 19.00;  0
11:44:29; 23.10; 20.00;  0
11:45:00; 23.10; 20.00;  0
11:45:31; 23.10; 20.00;  0
11:46:02; 23.10; 19.00;  0
11:46:33; 23.10; 19.00;  0
11:47:04; 23.10; 19.00;  0
11:47:35; 23.10; 19.00;  0
11:48:06; 23.20; 19.00;  0
11:48:37; 23.10; 20.00;  0
11:49:08; 23.10; 19.00;  0
11:49:39; 23.20; 19.00;  0
11:50:10; 23.10; 19.00;  0
11:50:41; 23.10; 19.00;  0
11:51:12; 23.10; 19.00;  0
11:51:43; 23.10; 20.00;  0
11:52:13; 23.20; 19.00;  0
11:52:44; 23.20; 19.00;  0
11:53:15; 23.20; 19.00;  0
11:53:46; 23.10; 19.00;  0
11:54:16; 23.10; 19.00;  0
11:54:47; 23.20; 19.00;  0
11:55:18; 23.10; 20.00;  0
11:55:49; 23.20; 20.00;  0
11:56:19; 23.10; 20.00;  0
11:56:50; 23.10; 20.00;  0
11:57:21; 23.10; 20.00;  0
11:57:52; 23.20; 20.00;  0
11:58:23; 23.20; 20.00;  0
11:58:54; 23.10; 20.00;  0
11:59:25; 23.20; 20.00;  0
11:59:56; 23.20; 20.00;  0
12:00:27; 23.30; 19.00;  0
12:00:58; 23.30; 19.00;  0
12:01:29; 23.30; 19.00;  0
12:02:00; 23.30; 19.00;  0
12:02:31; 23.30; 19.00;  0
12:03:02; 23.30; 19.00;  0
12:03:33; 23.30; 20.00;  0
12:04:04; 23.30; 19.00;  0
12:04:35; 23.30; 19.00;  0
12:05:06; 23.40; 19.00;  0
12:05:37; 23.30; 19.00;  0
12:06:08; 23.40; 20.00;  0
12:06:39; 23.40; 20.00;  0
12:07:10; 23.40; 20.00;  0
12:07:41; 23.40; 20.00;  0
12:08:12; 23.40; 19.00;  0
12:08:43; 23.30; 19.00;  0
12:09:13; 23.40; 19.00;  0
12:09:44; 23.40; 19.00;  0
12:10:15; 23.40; 19.00;  0
12:10:46; 23.40; 19.00;  0
12:11:16; 23.50; 19.00;  0
12:11:47; 23.40; 19.00;  0
12:12:18; 23.40; 19.00;  0
12:12:49; 23.50; 19.00;  0
12:13:19; 23.50; 19.00;  0
12:13:50; 23.50; 19.00;  0
12:14:21; 23.50; 19.00;  0
12:14:52; 23.50; 19.00;  0
12:15:23; 23.50; 19.00;  0
12:15:54; 23.50; 19.00;  0
12:16:25; 23.60; 18.00;  0
12:16:56; 23.60; 18.00;  0
12:17:27; 23.60; 19.00;  0
12:17:58; 23.50; 19.00;  0
12:18:29; 23.50; 19.00;  0
12:19:00; 23.40; 19.00;  0
12:19:31; 23.50; 19.00;  0
12:20:02; 23.50; 19.00;  0
12:20:33; 23.50; 19.00;  0
12:21:04; 23.50; 19.00;  0
12:21:35; 23.50; 19.00;  0
12:22:06; 23.50; 19.00;  0
12:22:37; 23.50; 20.00;  0
12:23:08; 23.50; 19.00;  0
12:23:39; 23.60; 19.00;  0
12:24:10; 23.60; 19.00;  0
12:24:41; 23.50; 19.00;  0
12:25:12; 23.50; 19.00;  0
12:25:43; 23.60; 19.00;  0
12:26:13; 23.60; 19.00;  0
12:26:44; 23.60; 19.00;  0
12:27:15; 23.50; 19.00;  0
12:27:46; 23.50; 19.00;  0
12:28:16; 23.50; 20.00;  0
12:28:47; 23.50; 20.00;  0
12:29:18; 23.50; 19.00;  0
12:29:49; 23.50; 19.00;  0
12:30:19; 23.50; 19.00;  0
12:30:50; 23.60; 19.00;  0
12:31:20; 23.50; 19.00;  0
12:31:51; 23.60; 20.00;  0
12:32:22; 23.60; 20.00;  0
12:32:52; 23.60; 19.00;  0
12:33:23; 23.60; 19.00;  0
12:33:54; 23.60; 19.00;  0
12:34:25; 23.60; 19.00;  0
12:34:56; 23.60; 19.00;  0
12:35:27; 23.60; 19.00;  0
12:35:58; 23.50; 19.00;  0
12:36:29; 23.50; 20.00;  0
12:37:00; 23.60; 20.00;  0
12:37:31; 23.50; 20.00;  0
12:38:02; 23.60; 20.00;  0
12:38:33; 23.60; 19.00;  0
12:39:04; 23.60; 19.00;  0
12:39:35; 23.70; 19.00;  0
12:40:06; 23.70; 19.00;  0
12:40:37; 23.70; 19.00;  0
12:41:08; 23.70; 19.00;  0
12:41:39; 23.70; 19.00;  0
12:42:10; 23.70; 19.00;  0
12:42:41; 23.70; 19.00;  0
12:43:11; 23.70; 19.00;  0
12:43:42; 23.70; 19.00;  0
12:44:13; 23.70; 19.00;  0
12:44:44; 23.70; 19.00;  0
12:45:14; 23.70; 19.00;  0
12:45:45; 23.70; 19.00;  0
12:46:15; 23.80; 19.00;  0
12:46:46; 23.80; 19.00;  0
12:47:17; 23.80; 19.00;  0
12:47:48; 23.80; 19.00;  0
12:48:18; 23.80; 19.00;  0
12:48:49; 23.70; 19.00;  0
12:49:20; 23.70; 19.00;  0
12:49:51; 23.80; 19.00;  0
12:50:21; 23.70; 19.00;  0
12:50:52; 23.80; 19.00;  0
12:51:23; 23.70; 19.00;  0
12:51:54; 23.70; 19.00;  0
12:52:25; 23.70; 19.00;  0
12:52:56; 23.70; 19.00;  0
12:53:27; 23.70; 19.00;  0
12:53:58; 23.70; 19.00;  0
12:54:29; 23.70; 19.00;  0
12:55:00; 23.70; 19.00;  0
12:55:31; 23.70; 19.00;  0
12:56:02; 23.70; 19.00;  0
12:56:33; 23.70; 19.00;  0
12:57:04; 23.70; 19.00;  0
12:57:35; 23.70; 19.00;  0
12:58:06; 23.70; 19.00;  0
12:58:37; 23.70; 19.00;  0
12:59:08; 23.70; 19.00;  0
12:59:39; 23.70; 19.00;  0
13:00:10; 23.70; 19.00;  0
13:00:41; 23.70; 19.00;  0
13:01:11; 23.70; 19.00;  0
13:01:42; 23.70; 19.00;  0
13:02:13; 23.70; 19.00;  0
13:02:44; 23.70; 19.00;  0
13:03:14; 23.80; 19.00;  0
13:03:45; 23.70; 18.00;  0
13:04:16; 23.80; 19.00;  0
13:04:47; 23.70; 19.00;  0
13:05:17; 23.70; 19.00;  0
13:05:48; 23.70; 19.00;  0
13:06:19; 23.80; 19.00;  0
13:06:50; 23.70; 18.00;  0
13:07:20; 23.80; 19.00;  0
13:07:51; 23.70; 18.00;  0
13:08:22; 23.70; 19.00;  0
13:08:52; 23.70; 19.00;  0
13:09:23; 23.70; 21.00;  0
13:09:54; 23.70; 19.00;  0
13:10:25; 23.70; 20.00;  0
13:10:56; 23.80; 20.00;  0
13:11:27; 23.80; 20.00;  0
13:11:58; 23.80; 19.00;  0
13:12:29; 23.90; 19.00;  0
13:13:00; 23.80; 19.00;  0
13:13:31; 23.90; 19.00;  0
13:14:02; 23.80; 19.00;  0
13:14:33; 23.80; 19.00;  0
13:15:04; 23.80; 18.00;  0
13:15:35; 23.90; 18.00;  0
13:16:06; 23.90; 18.00;  0
13:16:37; 23.90; 19.00;  0
13:17:08; 23.90; 18.00;  0
13:17:39; 23.90; 18.00;  0
13:18:10; 23.90; 18.00;  0
13:18:41; 23.90; 18.00;  0
13:19:12; 23.90; 18.00;  0
13:19:43; 23.90; 19.00;  0
13:20:13; 23.80; 19.00;  0
13:20:44; 23.90; 19.00;  0
13:21:15; 23.90; 19.00;  0
13:21:46; 23.90; 19.00;  0
13:22:16; 23.80; 19.00;  0
13:22:47; 23.90; 18.00;  0
13:23:18; 23.80; 18.00;  0
13:23:49; 23.80; 19.00;  0
13:24:19; 23.80; 19.00;  0
13:24:50; 23.80; 19.00;  0
13:25:21; 23.90; 20.00;  0
13:25:52; 23.90; 19.00;  0
13:26:23; 23.90; 19.00;  0
13:26:54; 23.90; 19.00;  0
13:27:25; 24.00; 19.00;  0
13:27:56; 23.90; 19.00;  0
13:28:27; 23.90; 19.00;  0
13:28:58; 23.90; 19.00;  0
13:29:29; 23.90; 19.00;  0
13:30:00; 23.80; 19.00;  0
13:30:31; 23.80; 19.00;  0
13:31:02; 23.80; 19.00;  0
13:31:33; 23.80; 19.00;  0
13:32:04; 23.80; 19.00;  0
13:32:35; 23.80; 19.00;  0
13:33:06; 23.80; 19.00;  0
13:33:37; 23.80; 19.00;  0
13:34:08; 23.80; 19.00;  0
13:34:39; 23.80; 19.00;  0
13:35:10; 23.80; 19.00;  0
13:35:41; 23.80; 19.00;  0
13:36:12; 23.80; 19.00;  0
13:36:43; 23.70; 19.00;  0
13:37:13; 23.80; 19.00;  0
13:37:44; 23.80; 19.00;  0
13:38:15; 23.80; 19.00;  0
13:38:46; 23.80; 19.00;  0
13:39:16; 23.80; 19.00;  0
13:39:47; 23.80; 19.00;  0
13:40:18; 23.80; 19.00;  0
13:40:49; 23.80; 19.00;  0
13:41:19; 23.80; 19.00;  0
13:41:50; 23.80; 19.00;  0
13:42:21; 23.80; 19.00;  0
13:42:52; 23.80; 19.00;  0
13:43:23; 23.80; 19.00;  0
13:43:54; 23.80; 19.00;  0
13:44:25; 23.80; 19.00;  0
13:44:56; 23.80; 19.00;  0
13:45:27; 23.80; 19.00;  0
13:45:58; 23.90; 19.00;  0
13:46:29; 23.90; 19.00;  0
13:47:00; 23.90; 19.00;  0
13:47:31; 23.90; 19.00;  0
13:48:02; 23.90; 19.00;  0
13:48:33; 23.90; 19.00;  0
13:49:04; 23.90; 19.00;  0
13:49:35; 23.90; 19.00;  0
13:50:06; 23.90; 19.00;  0
13:50:37; 23.90; 19.00;  0
13:51:08; 23.90; 19.00;  0
13:51:39; 23.90; 19.00;  0
13:52:10; 23.90; 19.00;  0
13:52:41; 23.90; 19.00;  0
13:53:12; 24.00; 19.00;  0
13:53:43; 24.00; 19.00;  0
13:54:13; 23.90; 18.00;  0
13:54:44; 23.90; 19.00;  0
13:55:15; 23.90; 19.00;  0
13:55:46; 24.00; 19.00;  0
13:56:16; 24.00; 19.00;  0
13:56:47; 24.00; 19.00;  0
13:57:18; 24.00; 19.00;  0
13:57:49; 24.00; 19.00;  0
13:58:19; 23.90; 19.00;  0
13:58:50; 23.90; 19.00;  0
13:59:21; 23.90; 19.00;  0
13:59:52; 23.90; 19.00;  0
14:00:23; 23.90; 19.00;  0
14:00:54; 23.90; 19.00;  0
14:01:25; 23.90; 19.00;  0
14:01:56; 23.90; 19.00;  0
14:02:27; 23.90; 19.00;  0
14:02:58; 23.90; 19.00;  0
14:03:29; 23.90; 19.00;  0
14:04:00; 23.90; 19.00;  0
14:04:31; 23.90; 19.00;  0
14:05:02; 23.90; 19.00;  0
14:05:33; 23.90; 19.00;  0
14:06:04; 23.90; 19.00;  0
14:06:35; 23.90; 19.00;  0
14:07:06; 23.90; 19.00;  0
14:07:37; 23.80; 19.00;  0
14:08:08; 23.90; 19.00;  0
14:08:39; 23.90; 19.00;  0
14:09:10; 23.90; 19.00;  0
14:09:41; 23.90; 19.00;  0
14:10:12; 23.90; 19.00;  0
14:10:43; 24.00; 18.00;  0
14:11:13; 24.00; 18.00;  0
14:11:44; 24.00; 18.00;  0
14:12:15; 24.00; 18.00;  0
14:12:46; 24.00; 18.00;  0
14:13:16; 23.90; 18.00;  0
14:13:47; 23.90; 18.00;  0
14:14:18; 23.90; 18.00;  0
14:14:49; 23.90; 19.00;  0
14:15:19; 23.90; 18.00;  0
14:15:50; 23.90; 18.00;  0
14:16:20; 23.90; 18.00;  0
14:16:51; 24.00; 18.00;  0
14:17:22; 24.00; 18.00;  0
14:17:52; 24.00; 18.00;  0
14:18:23; 23.90; 18.00;  0
14:18:54; 24.00; 18.00;  0
14:19:25; 24.00; 18.00;  0
14:19:56; 24.00; 18.00;  0
14:20:27; 24.00; 18.00;  0
14:20:58; 23.90; 18.00;  0
14:21:29; 24.00; 18.00;  0
14:22:00; 24.00; 18.00;  0
14:22:31; 24.00; 18.00;  0
14:23:02; 23.90; 18.00;  0
14:23:33; 24.00; 19.00;  0
14:24:04; 23.90; 18.00;  0
14:24:35; 23.90; 18.00;  0
14:25:06; 23.90; 18.00;  0
14:25:37; 23.90; 18.00;  0
14:26:08; 23.90; 18.00;  0
14:26:39; 23.90; 18.00;  0
14:27:10; 23.90; 18.00;  0
14:27:41; 23.80; 18.00;  0
14:28:11; 23.90; 19.00;  0
14:28:42; 23.90; 18.00;  0
14:29:13; 23.90; 18.00;  0
14:29:44; 23.90; 18.00;  0
14:30:14; 23.90; 18.00;  0
14:30:45; 23.90; 18.00;  0
14:31:15; 23.90; 18.00;  0
14:31:46; 23.90; 18.00;  0
14:32:17; 23.90; 18.00;  0
14:32:48; 23.90; 18.00;  0
14:33:18; 23.90; 18.00;  0
14:33:49; 23.90; 18.00;  0
14:34:20; 23.90; 18.00;  0
14:34:51; 24.00; 18.00;  0
14:35:21; 23.90; 18.00;  0
14:35:52; 23.90; 21.00;  0
14:36:23; 24.00; 23.00;  0
14:36:54; 23.90; 21.00;  0
14:37:25; 23.90; 22.00;  0
14:37:56; 24.00; 23.00;  0
14:38:27; 24.10; 20.00;  0
14:38:58; 24.10; 19.00;  0
14:39:29; 24.10; 19.00;  0
14:40:00; 24.00; 19.00;  0
14:40:31; 24.10; 18.00;  0
14:41:02; 24.10; 18.00;  0
14:41:33; 24.10; 18.00;  0
14:42:04; 24.10; 18.00;  0
14:42:35; 24.10; 18.00;  0
14:43:06; 24.10; 18.00;  0
14:43:37; 24.10; 18.00;  0
14:44:08; 24.10; 18.00;  0
14:44:39; 24.00; 18.00;  0
14:45:10; 24.10; 18.00;  0
14:45:41; 24.10; 18.00;  0
14:46:11; 24.10; 18.00;  0
14:46:42; 24.00; 18.00;  0
14:47:13; 24.10; 18.00;  0
14:47:44; 24.10; 18.00;  0
14:48:14; 24.00; 18.00;  0
14:48:45; 24.00; 18.00;  0
14:49:16; 24.10; 18.00;  0
14:49:47; 24.00; 18.00;  0
14:50:17; 24.10; 18.00;  0
14:50:48; 24.00; 18.00;  0
14:51:19; 24.00; 18.00;  0
14:51:50; 24.10; 18.00;  0
14:52:20; 24.00; 18.00;  0
14:52:51; 24.10; 18.00;  0
14:53:22; 24.00; 18.00;  0
14:53:52; 24.10; 18.00;  0
14:54:23; 24.10; 18.00;  0
14:54:54; 24.10; 18.00;  0
14:55:25; 24.10; 18.00;  0
14:55:56; 24.10; 18.00;  0
14:56:27; 24.10; 18.00;  0
14:56:58; 24.10; 18.00;  0
14:57:29; 24.10; 18.00;  0
14:58:00; 24.10; 18.00;  0
14:58:31; 24.10; 18.00;  0
14:59:02; 24.00; 18.00;  0
14:59:33; 24.00; 18.00;  0
15:00:04; 24.10; 18.00;  0
15:00:35; 24.00; 18.00;  0
15:01:06; 24.10; 18.00;  0
15:01:37; 24.00; 18.00;  0
15:02:08; 24.00; 18.00;  0
15:02:39; 24.00; 18.00;  0
15:03:10; 24.00; 19.00;  0
15:03:41; 24.10; 23.00;  0
15:04:12; 24.10; 23.00;  0
15:04:43; 24.10; 23.00;  0
15:05:13; 24.10; 22.00;  0
15:05:44; 24.20; 21.00;  0
15:06:15; 24.20; 20.00;  0
15:06:46; 24.20; 20.00;  0
15:07:16; 24.20; 21.00;  0
15:07:47; 24.20; 20.00;  0
15:08:18; 24.20; 21.00;  0
15:08:49; 24.20; 20.00;  0
15:09:19; 24.20; 19.00;  0
15:09:50; 24.20; 19.00;  0
15:10:21; 24.20; 19.00;  0
15:10:52; 24.20; 19.00;  0
15:11:23; 24.10; 19.00;  0
15:11:54; 24.10; 19.00;  0
15:12:25; 24.20; 19.00;  0
15:12:56; 24.20; 20.00;  0
15:13:27; 24.10; 19.00;  0
15:13:58; 24.10; 19.00;  0
15:14:29; 24.10; 19.00;  0
15:15:00; 24.10; 18.00;  0
15:15:31; 24.20; 18.00;  0
15:16:02; 24.20; 18.00;  0
15:16:33; 24.20; 18.00;  0
15:17:04; 24.20; 19.00;  0
15:17:35; 24.20; 18.00;  0
15:18:06; 24.20; 18.00;  0
15:18:37; 24.20; 18.00;  0
15:19:08; 24.20; 18.00;  0
15:19:39; 24.20; 18.00;  0
15:20:10; 24.20; 18.00;  0
15:20:41; 24.20; 18.00;  0
15:21:12; 24.20; 18.00;  0
15:21:43; 24.20; 18.00;  0
15:22:13; 24.20; 19.00;  0
15:22:44; 24.20; 19.00;  0
15:23:15; 24.20; 19.00;  0
15:23:46; 24.30; 19.00;  0
15:24:16; 24.20; 19.00;  0
15:24:47; 24.20; 18.00;  0
15:25:18; 24.20; 18.00;  0
15:25:49; 24.20; 18.00;  0
15:26:19; 24.20; 18.00;  0
15:26:50; 24.10; 19.00;  0
15:27:21; 24.10; 19.00;  0
15:27:52; 24.10; 21.00;  0
15:28:23; 24.10; 19.00;  0
15:28:54; 24.10; 18.00;  0
15:29:25; 24.10; 19.00;  0
15:29:56; 24.10; 19.00;  0
15:30:27; 24.10; 19.00;  0
15:30:58; 24.10; 19.00;  0
15:31:29; 24.10; 19.00;  0
15:32:00; 24.10; 19.00;  0
15:32:31; 24.10; 20.00;  0
15:33:02; 24.20; 19.00;  0
15:33:33; 24.20; 19.00;  0
15:34:04; 24.30; 19.00;  0
15:34:35; 24.30; 18.00;  0
15:35:06; 24.30; 19.00;  0
15:35:37; 24.30; 18.00;  0
15:36:08; 24.30; 18.00;  0
15:36:39; 24.20; 18.00;  0
15:37:10; 24.20; 18.00;  0
15:37:41; 24.20; 19.00;  0
15:38:12; 24.20; 19.00;  0
15:38:43; 24.20; 18.00;  0
15:39:13; 24.20; 19.00;  0
15:39:44; 24.20; 19.00;  0
15:40:15; 24.20; 20.00;  0
15:40:46; 24.20; 19.00;  0
15:41:16; 24.30; 20.00;  0
15:41:47; 24.30; 19.00;  0
15:42:18; 24.30; 19.00;  0
15:42:49; 24.30; 19.00;  0
15:43:19; 24.30; 21.00;  0
15:43:50; 24.30; 19.00;  0
15:44:21; 24.30; 18.00;  0
15:44:52; 24.30; 19.00;  0
15:45:23; 24.30; 19.00;  0
15:45:54; 24.30; 19.00;  0
15:46:25; 24.30; 18.00;  0
15:46:56; 24.30; 18.00;  0
15:47:27; 24.30; 18.00;  0
15:47:58; 24.30; 19.00;  0
15:48:29; 24.30; 19.00;  0
15:49:00; 24.30; 18.00;  0
15:49:31; 24.20; 19.00;  0
15:50:02; 24.20; 18.00;  0
15:50:33; 24.20; 18.00;  0
15:51:04; 24.20; 18.00;  0
15:51:35; 24.20; 18.00;  0
15:52:06; 24.30; 18.00;  0
15:52:37; 24.20; 18.00;  0
15:53:08; 24.30; 18.00;  0
15:53:39; 24.30; 18.00;  0
15:54:10; 24.30; 18.00;  0
15:54:41; 24.20; 18.00;  0
15:55:12; 24.20; 18.00;  0
15:55:43; 24.20; 18.00;  0
15:56:13; 24.20; 18.00;  0
15:56:44; 24.20; 18.00;  0
15:57:15; 24.20; 18.00;  0
15:57:46; 24.10; 18.00;  0
15:58:16; 24.10; 18.00;  0
15:58:47; 24.10; 18.00;  0
15:59:18; 24.10; 18.00;  0
15:59:49; 24.20; 18.00;  0
16:00:19; 24.20; 19.00;  0
16:00:50; 24.20; 18.00;  0
16:01:21; 24.20; 19.00;  0
16:01:51; 24.30; 19.00;  0
16:02:22; 24.20; 18.00;  0
16:02:53; 24.30; 18.00;  0
16:03:24; 24.30; 18.00;  0
16:03:55; 24.30; 18.00;  0
16:04:26; 24.30; 18.00;  0
16:04:57; 24.20; 18.00;  0
16:05:28; 24.30; 18.00;  0
16:05:59; 24.30; 18.00;  0
16:06:30; 24.30; 18.00;  0
16:07:01; 24.30; 18.00;  0
16:07:32; 24.30; 17.00;  0
16:08:03; 24.30; 17.00;  0
16:08:34; 24.30; 17.00;  0
16:09:05; 24.30; 17.00;  0
16:09:36; 24.30; 17.00;  0
16:10:07; 24.30; 17.00;  0
16:10:38; 24.30; 17.00;  0
16:11:09; 24.30; 17.00;  0
16:11:40; 24.30; 17.00;  0
16:12:11; 24.20; 17.00;  0
16:12:42; 24.30; 17.00;  0
16:13:13; 24.30; 17.00;  0
16:13:44; 24.20; 17.00;  0
16:14:14; 24.20; 17.00;  0
16:14:45; 24.30; 17.00;  0
16:15:16; 24.30; 17.00;  0
16:15:47; 24.30; 17.00;  0
16:16:18; 24.30; 17.00;  0
16:16:49; 24.30; 17.00;  0
16:17:19; 24.30; 17.00;  0
16:17:50; 24.30; 17.00;  0
16:18:21; 24.30; 17.00;  0
16:18:51; 24.30; 17.00;  0
16:19:22; 24.30; 17.00;  0
16:19:53; 24.30; 17.00;  0
16:20:24; 24.30; 17.00;  0
16:20:55; 24.30; 17.00;  0
16:21:26; 24.30; 17.00;  0
16:21:57; 24.30; 17.00;  0
16:22:28; 24.30; 17.00;  0
16:22:59; 24.20; 17.00;  0
16:23:30; 24.20; 17.00;  0
16:24:01; 24.20; 17.00;  0
16:24:32; 24.20; 17.00;  0
16:25:03; 24.20; 17.00;  0
16:25:34; 24.30; 17.00;  0
16:26:05; 24.20; 17.00;  0
16:26:36; 24.30; 17.00;  0
16:27:07; 24.20; 17.00;  0
16:27:38; 24.20; 17.00;  0
16:28:09; 24.20; 17.00;  0
16:28:40; 24.20; 17.00;  0
16:29:11; 24.20; 17.00;  0
16:29:42; 24.20; 17.00;  0
16:30:13; 24.20; 17.00;  0
16:30:44; 24.20; 17.00;  0
16:31:15; 24.20; 17.00;  0
16:31:46; 24.30; 17.00;  0
16:32:16; 24.20; 17.00;  0
16:32:47; 24.20; 17.00;  0
16:33:18; 24.30; 17.00;  0
16:33:49; 24.30; 17.00;  0
16:34:20; 24.20; 17.00;  0
16:34:51; 24.30; 17.00;  0
16:35:22; 24.20; 17.00;  0
16:35:53; 24.20; 17.00;  0
16:36:23; 24.20; 17.00;  0
16:36:54; 24.20; 17.00;  0
16:37:25; 24.20; 17.00;  0
16:37:55; 24.20; 17.00;  0
16:38:26; 24.20; 17.00;  0
16:38:57; 24.20; 16.00;  0
16:39:28; 24.20; 17.00;  0
16:39:59; 24.20; 16.00;  0
16:40:30; 24.20; 16.00;  0
16:41:01; 24.30; 16.00;  0
16:41:32; 24.20; 16.00;  0
16:42:03; 24.20; 16.00;  0
16:42:34; 24.20; 16.00;  0
16:43:05; 24.20; 16.00;  0
16:43:36; 24.20; 16.00;  0
16:44:07; 24.30; 16.00;  0
16:44:38; 24.30; 16.00;  0
16:45:09; 24.20; 16.00;  0
16:45:40; 24.20; 17.00;  0
16:46:11; 24.20; 17.00;  0
16:46:42; 24.20; 17.00;  0
16:47:12; 24.20; 17.00;  0
16:47:43; 24.20; 17.00;  0
16:48:14; 24.20; 17.00;  0
16:48:45; 24.20; 17.00;  0
16:49:16; 24.20; 17.00;  0
16:49:47; 24.20; 17.00;  0
16:50:18; 24.20; 17.00;  0
16:50:49; 24.30; 17.00;  0
16:51:19; 24.20; 17.00;  0
16:51:50; 24.20; 17.00;  0
16:52:21; 24.20; 17.00;  0
16:52:51; 24.30; 17.00;  0
16:53:22; 24.30; 18.00;  0
16:53:53; 24.30; 19.00;  0
16:54:24; 24.30; 18.00;  0
16:54:55; 24.30; 18.00;  0
16:55:26; 24.30; 18.00;  0
16:55:57; 24.30; 18.00;  0
16:56:28; 24.30; 18.00;  0
16:56:59; 24.30; 17.00;  0
16:57:30; 24.30; 17.00;  0
16:58:01; 24.30; 17.00;  0
16:58:32; 24.30; 18.00;  0
16:59:03; 24.30; 19.00;  0
16:59:34; 24.30; 17.00;  0
17:00:05; 24.30; 17.00;  0
17:00:36; 24.30; 18.00;  0
17:01:07; 24.30; 17.00;  0
17:01:38; 24.40; 17.00;  0
17:02:08; 24.40; 17.00;  0
17:02:39; 24.40; 18.00;  0
17:03:10; 24.40; 17.00;  0
17:03:40; 24.40; 17.00;  0
17:04:11; 24.40; 17.00;  0
17:04:42; 24.30; 17.00;  0
17:05:13; 24.30; 17.00;  0
17:05:44; 24.30; 17.00;  0
17:06:14; 24.40; 18.00;  0
17:06:45; 24.30; 18.00;  0
17:07:16; 24.30; 17.00;  0
17:07:47; 24.30; 17.00;  0
17:08:18; 24.30; 17.00;  0
17:08:49; 24.30; 17.00;  0
17:09:20; 24.30; 17.00;  0
17:09:51; 24.30; 17.00;  0
17:10:22; 24.30; 17.00;  0
17:10:53; 24.30; 17.00;  0
17:11:24; 24.30; 17.00;  0
17:11:55; 24.30; 19.00;  0
17:12:26; 24.30; 18.00;  0
17:12:57; 24.30; 17.00;  0
17:13:28; 24.30; 17.00;  0
17:13:59; 24.30; 17.00;  0
17:14:30; 24.30; 17.00;  0
17:15:01; 24.30; 18.00;  0
17:15:32; 24.30; 19.00;  0
17:16:03; 24.30; 18.00;  0
17:16:34; 24.30; 19.00;  0
17:17:04; 24.30; 19.00;  0
17:17:35; 24.30; 19.00;  0
17:18:06; 24.30; 18.00;  0
17:18:36; 24.30; 18.00;  0
17:19:07; 24.20; 18.00;  0
17:19:38; 24.20; 18.00;  0
17:20:09; 24.20; 18.00;  0
17:20:40; 24.20; 19.00;  0
17:21:11; 24.20; 19.00;  0
17:21:42; 24.20; 19.00;  0
17:22:13; 24.20; 18.00;  0
17:22:44; 24.20; 18.00;  0
17:23:15; 24.10; 18.00;  0
17:23:46; 24.10; 18.00;  0
17:24:17; 24.10; 18.00;  0
17:24:48; 24.00; 19.00;  0
17:25:18; 24.00; 18.00;  0
17:25:49; 24.10; 19.00;  0
17:26:20; 24.10; 18.00;  0
17:26:51; 24.10; 18.00;  0
17:27:22; 24.10; 18.00;  0
17:27:53; 24.10; 18.00;  0
17:28:24; 24.10; 18.00;  0
17:28:55; 24.00; 18.00;  0
17:29:26; 23.90; 18.00;  0
17:29:57; 23.90; 18.00;  0
17:30:28; 23.90; 18.00;  0
17:30:59; 23.90; 18.00;  0
17:31:30; 23.90; 18.00;  0
17:32:00; 23.90; 18.00;  0
17:32:31; 23.90; 18.00;  0
17:33:02; 23.90; 19.00;  0
17:33:32; 23.90; 19.00;  0
17:34:03; 23.90; 19.00;  0
17:34:34; 23.80; 18.00;  0
17:35:05; 23.90; 18.00;  0
17:35:36; 23.90; 18.00;  0
17:36:07; 23.90; 18.00;  0
17:36:38; 23.90; 18.00;  0
17:37:09; 23.90; 18.00;  0
17:37:40; 23.90; 18.00;  0
17:38:11; 23.90; 19.00;  0
17:38:42; 23.90; 18.00;  0
17:39:13; 23.90; 18.00;  0
17:39:44; 24.00; 18.00;  0
17:40:14; 23.90; 18.00;  0
17:40:45; 23.90; 18.00;  0
17:41:16; 23.90; 18.00;  0
17:41:47; 23.90; 18.00;  0
17:42:18; 23.90; 18.00;  0
17:42:49; 23.90; 18.00;  0
17:43:20; 23.90; 18.00;  0
17:43:51; 23.90; 18.00;  0
17:44:22; 23.90; 18.00;  0
17:44:53; 23.90; 18.00;  0
17:45:24; 23.80; 19.00;  0
17:45:55; 23.80; 19.00;  0
17:46:26; 23.80; 19.00;  0
17:46:57; 23.80; 19.00;  0
17:47:27; 23.80; 19.00;  0
17:47:58; 23.80; 19.00;  0
17:48:29; 23.80; 19.00;  0
17:48:59; 23.80; 19.00;  0
17:49:30; 23.80; 19.00;  0
17:50:01; 23.80; 19.00;  0
17:50:32; 23.70; 19.00;  0
17:51:03; 23.70; 19.00;  0
17:51:34; 23.70; 19.00;  0
17:52:05; 23.70; 19.00;  0
17:52:36; 23.70; 19.00;  0
17:53:07; 23.60; 19.00;  0
17:53:38; 23.60; 19.00;  0
17:54:09; 23.70; 19.00;  0
17:54:40; 23.70; 19.00;  0
17:55:11; 23.70; 19.00;  0
17:55:42; 23.60; 19.00;  0
17:56:13; 23.70; 19.00;  0
17:56:44; 23.60; 19.00;  0
17:57:15; 23.60; 19.00;  0
17:57:46; 23.60; 20.00;  0
17:58:17; 23.60; 20.00;  0
17:58:48; 23.60; 20.00;  0
17:59:18; 23.60; 20.00;  0
17:59:49; 23.60; 20.00;  0
18:00:20; 23.60; 20.00;  0
18:00:51; 23.70; 20.00;  0
18:01:22; 23.60; 20.00;  0
18:01:53; 23.60; 20.00;  0
18:02:23; 23.50; 21.00;  0
18:02:54; 23.60; 21.00;  0
18:03:25; 23.50; 21.00;  0
18:03:55; 23.50; 21.00;  0
18:04:26; 23.50; 21.00;  0
18:04:57; 23.50; 21.00;  0
18:05:28; 23.50; 21.00;  0
18:05:59; 23.50; 21.00;  0
18:06:30; 23.50; 21.00;  0
18:07:01; 23.60; 21.00;  0
18:07:32; 23.50; 21.00;  0
18:08:03; 23.50; 21.00;  0
18:08:34; 23.50; 21.00;  0
18:09:05; 23.50; 21.00;  0
18:09:36; 23.50; 21.00;  0
18:10:07; 23.40; 21.00;  0
18:10:38; 23.40; 22.00;  0
18:11:09; 23.40; 22.00;  0
18:11:40; 23.30; 22.00;  0
18:12:11; 23.30; 22.00;  0
18:12:42; 23.30; 22.00;  0
18:13:13; 23.30; 22.00;  0
18:13:44; 23.30; 22.00;  0
18:14:14; 23.30; 22.00;  0
18:14:45; 23.30; 22.00;  0
18:15:16; 23.20; 22.00;  0
18:15:47; 23.20; 22.00;  0
18:16:18; 23.20; 22.00;  0
18:16:49; 23.10; 22.00;  0
18:17:19; 23.20; 22.00;  0
18:17:50; 23.10; 22.00;  0
18:18:21; 23.10; 22.00;  0
18:18:51; 23.20; 22.00;  0
18:19:22; 23.10; 22.00;  0
18:19:53; 23.10; 22.00;  0
18:20:24; 23.10; 22.00;  0
18:20:55; 23.10; 22.00;  0
18:21:26; 23.10; 22.00;  0
18:21:57; 23.10; 22.00;  0
18:22:28; 23.10; 22.00;  0
18:22:59; 23.10; 22.00;  0
18:23:30; 23.10; 23.00;  0
18:24:01; 23.10; 23.00;  0
18:24:32; 23.10; 22.00;  0
18:25:03; 23.10; 23.00;  0
18:25:34; 23.10; 23.00;  0
18:26:05; 23.00; 22.00;  0
18:26:36; 23.10; 22.00;  0
18:27:07; 23.00; 22.00;  0
18:27:38; 23.00; 23.00;  0
18:28:09; 23.00; 22.00;  0
18:28:40; 23.00; 22.00;  0
18:29:11; 23.00; 22.00;  0
18:29:42; 23.00; 23.00;  0
18:30:13; 23.00; 22.00;  0
18:30:44; 23.00; 22.00;  0
18:31:15; 23.00; 22.00;  0
18:31:46; 22.90; 22.00;  0
18:32:16; 22.90; 22.00;  0
18:32:47; 22.90; 23.00;  0
18:33:18; 22.90; 22.00;  0
18:33:49; 22.90; 23.00;  0
18:34:20; 22.90; 23.00;  0
18:34:51; 22.90; 23.00;  0
18:35:22; 22.90; 23.00;  0
18:35:53; 22.80; 23.00;  0
18:36:23; 22.90; 23.00;  0
18:36:54; 22.90; 23.00;  0
18:37:25; 22.80; 23.00;  0
18:37:55; 22.80; 23.00;  0
18:38:26; 22.80; 23.00;  0
18:38:57; 22.80; 23.00;  0
18:39:28; 22.80; 23.00;  0
18:39:59; 22.80; 23.00;  0
18:40:30; 22.80; 23.00;  0
18:41:01; 22.70; 23.00;  0
18:41:32; 22.70; 23.00;  0
18:42:03; 22.70; 23.00;  0
18:42:34; 22.70; 23.00;  0
18:43:05; 22.70; 23.00;  0
18:43:36; 22.70; 23.00;  0
18:44:07; 22.70; 23.00;  0
18:44:38; 22.70; 23.00;  0
18:45:09; 22.60; 23.00;  0
18:45:40; 22.70; 23.00;  0
18:46:11; 22.70; 23.00;  0
18:46:42; 22.70; 23.00;  0
18:47:12; 22.70; 23.00;  0
18:47:43; 22.70; 23.00;  0
18:48:14; 22.70; 23.00;  0
18:48:45; 22.60; 23.00;  0
18:49:16; 22.70; 23.00;  0
18:49:47; 22.70; 23.00;  0
18:50:18; 22.70; 23.00;  0
18:50:49; 22.70; 23.00;  0
18:51:19; 22.60; 23.00;  0
18:51:50; 22.60; 23.00;  0
18:52:21; 22.70; 23.00;  0
18:52:51; 22.70; 23.00;  0
18:53:22; 22.70; 23.00;  0
18:53:53; 22.60; 23.00;  0
18:54:24; 22.60; 23.00;  0
18:54:55; 22.60; 23.00;  0
18:55:26; 22.60; 23.00;  0
18:55:57; 22.60; 23.00;  0
18:56:28; 22.60; 23.00;  0
18:56:59; 22.60; 23.00;  0
18:57:30; 22.60; 23.00;  0
18:58:01; 22.60; 23.00;  0
18:58:32; 22.60; 23.00;  0
18:59:03; 22.60; 23.00;  0
18:59:34; 22.60; 23.00;  0
19:00:05; 22.50; 23.00;  0
19:00:36; 22.50; 23.00;  0
19:01:07; 22.50; 23.00;  0
19:01:38; 22.50; 23.00;  0
19:02:08; 22.50; 23.00;  0
19:02:39; 22.50; 23.00;  0
19:03:10; 22.50; 23.00;  0
19:03:40; 22.50; 23.00;  0
19:04:11; 22.50; 23.00;  0
19:04:42; 22.50; 23.00;  0
19:05:13; 22.50; 23.00;  0
19:05:44; 22.50; 23.00;  0
19:06:14; 22.50; 23.00;  0
19:06:45; 22.50; 24.00;  0
19:07:16; 22.50; 23.00;  0
19:07:47; 22.50; 23.00;  0
19:08:18; 22.40; 24.00;  0
19:08:49; 22.50; 24.00;  0
19:09:20; 22.50; 24.00;  0
19:09:51; 22.50; 24.00;  0
19:10:22; 22.50; 24.00;  0
19:10:53; 22.50; 24.00;  0
19:11:24; 22.50; 24.00;  0
19:11:55; 22.40; 24.00;  0
19:12:26; 22.50; 24.00;  0
19:12:57; 22.40; 24.00;  0
19:13:28; 22.40; 24.00;  0
19:13:59; 22.40; 24.00;  0
19:14:30; 22.40; 24.00;  0
19:15:01; 22.50; 24.00;  0
19:15:32; 22.40; 24.00;  0
19:16:03; 22.40; 24.00;  0
19:16:34; 22.40; 24.00;  0
19:17:04; 22.40; 24.00;  0
19:17:35; 22.40; 24.00;  0
19:18:06; 22.40; 24.00;  0
19:18:36; 22.40; 24.00;  0
19:19:07; 22.40; 24.00;  0
19:19:38; 22.30; 24.00;  0
19:20:09; 22.30; 24.00;  0
19:20:40; 22.30; 24.00;  0
19:21:11; 22.30; 24.00;  0
19:21:42; 22.30; 24.00;  0
19:22:13; 22.30; 24.00;  0
19:22:44; 22.20; 24.00;  0
19:23:15; 22.30; 24.00;  0
19:23:46; 22.20; 24.00;  0
19:24:17; 22.30; 25.00;  0
19:24:48; 22.30; 24.00;  0
19:25:18; 22.30; 24.00;  0
19:25:49; 22.30; 24.00;  0
19:26:20; 22.30; 25.00;  0
19:26:51; 22.30; 24.00;  0
19:27:22; 22.20; 25.00;  0
19:27:53; 22.20; 25.00;  0
19:28:24; 22.20; 25.00;  0
19:28:55; 22.20; 25.00;  0
19:29:26; 22.20; 25.00;  0
19:29:57; 22.20; 25.00;  0
19:30:28; 22.20; 25.00;  0
19:30:59; 22.20; 25.00;  0
19:31:30; 22.10; 25.00;  0
19:32:00; 22.10; 25.00;  0
19:32:31; 22.20; 25.00;  0
19:33:02; 22.10; 25.00;  0
19:33:32; 22.20; 25.00;  0
19:34:03; 22.10; 25.00;  0
19:34:34; 22.10; 25.00;  0
19:35:05; 22.10; 25.00;  0
19:35:36; 22.10; 25.00;  0
19:36:07; 22.10; 25.00;  0
19:36:38; 22.10; 25.00;  0
19:37:09; 22.10; 25.00;  0
19:37:40; 22.10; 25.00;  0
19:38:11; 22.10; 25.00;  0
19:38:42; 22.10; 25.00;  0
19:39:13; 22.10; 25.00;  0
19:39:44; 22.10; 25.00;  0
19:40:14; 22.10; 25.00;  0
19:40:45; 22.10; 25.00;  0
19:41:16; 22.10; 25.00;  0
19:41:47; 22.10; 25.00;  0
19:42:18; 22.00; 25.00;  0
19:42:49; 22.10; 25.00;  0
19:43:20; 22.10; 25.00;  0
19:43:51; 22.10; 25.00;  0
19:44:22; 22.10; 25.00;  0
19:44:53; 22.10; 25.00;  0
19:45:24; 22.10; 25.00;  0
19:45:55; 22.00; 25.00;  0
19:46:26; 22.10; 25.00;  0
19:46:57; 22.00; 25.00;  0
19:47:27; 22.00; 25.00;  0
19:47:58; 22.00; 25.00;  0
19:48:29; 22.00; 26.00;  0
19:48:59; 22.00; 26.00;  0
19:49:30; 22.00; 26.00;  0
19:50:01; 22.00; 26.00;  0
19:50:32; 22.00; 26.00;  0
19:51:03; 22.00; 26.00;  0
19:51:34; 22.00; 26.00;  0
19:52:05; 22.00; 26.00;  0
19:52:36; 22.00; 26.00;  0
19:53:07; 22.00; 26.00;  0
19:53:38; 22.00; 26.00;  0
19:54:09; 22.00; 26.00;  0
19:54:40; 22.00; 26.00;  0
19:55:11; 22.00; 26.00;  0
19:55:42; 21.90; 26.00;  0
19:56:13; 22.00; 26.00;  0
19:56:44; 22.00; 26.00;  0
19:57:15; 22.00; 26.00;  0
19:57:46; 22.00; 26.00;  0
19:58:17; 22.00; 26.00;  0
19:58:48; 22.00; 26.00;  0
19:59:18; 21.90; 26.00;  0
19:59:49; 22.00; 26.00;  0
20:00:20; 21.90; 26.00;  0
20:00:51; 22.00; 26.00;  0
20:01:22; 21.90; 26.00;  0
20:01:53; 21.90; 26.00;  0
20:02:23; 21.90; 26.00;  0
20:02:54; 21.90; 26.00;  0
20:03:25; 21.90; 26.00;  0
20:03:55; 21.90; 26.00;  0
20:04:26; 21.90; 26.00;  0
20:04:57; 21.90; 26.00;  0
20:05:28; 21.90; 26.00;  0
20:05:59; 21.90; 26.00;  0
20:06:30; 21.90; 26.00;  0
20:07:01; 21.90; 26.00;  0
20:07:32; 21.90; 26.00;  0
20:08:03; 21.90; 26.00;  0
20:08:34; 21.90; 26.00;  0
20:09:05; 21.90; 26.00;  0
20:09:36; 21.80; 26.00;  0
20:10:07; 21.90; 26.00;  0
20:10:38; 21.80; 26.00;  0
20:11:09; 21.80; 26.00;  0
20:11:40; 21.80; 26.00;  0
20:12:11; 21.80; 26.00;  0
20:12:42; 21.80; 26.00;  0
20:13:13; 21.80; 26.00;  0
20:13:44; 21.80; 26.00;  0
20:14:14; 21.80; 26.00;  0
20:14:45; 21.80; 26.00;  0
20:15:16; 21.80; 26.00;  0
20:15:47; 21.80; 26.00;  0
20:16:18; 21.80; 26.00;  0
20:16:49; 21.80; 26.00;  0
20:17:19; 21.80; 26.00;  0
20:17:50; 21.80; 26.00;  0
20:18:21; 21.80; 26.00;  0
20:18:51; 21.80; 26.00;  0
20:19:22; 21.70; 26.00;  0
20:19:53; 21.80; 26.00;  0
20:20:24; 21.80; 26.00;  0
20:20:55; 21.80; 26.00;  0
20:21:26; 21.80; 26.00;  0
20:21:57; 21.70; 27.00;  0
20:22:28; 21.70; 27.00;  0
20:22:59; 21.70; 27.00;  0
20:23:30; 21.70; 27.00;  0
20:24:01; 21.80; 27.00;  0
20:24:32; 21.70; 27.00;  0
20:25:03; 21.70; 27.00;  0
20:25:34; 21.70; 27.00;  0
20:26:05; 21.70; 27.00;  0
20:26:36; 21.70; 27.00;  0
20:27:07; 21.70; 27.00;  0
20:27:38; 21.60; 27.00;  0
20:28:09; 21.70; 27.00;  0
20:28:40; 21.70; 27.00;  0
20:29:11; 21.70; 27.00;  0
20:29:42; 21.70; 27.00;  0
20:30:13; 21.70; 27.00;  0
20:30:44; 21.70; 27.00;  0
20:31:15; 21.70; 27.00;  0
20:31:46; 21.70; 27.00;  0
20:32:16; 21.70; 27.00;  0
20:32:47; 21.70; 27.00;  0
20:33:18; 21.70; 27.00;  0
20:33:49; 21.70; 27.00;  0
20:34:20; 21.60; 27.00;  0
20:34:51; 21.60; 27.00;  0
20:35:22; 21.60; 27.00;  0
20:35:53; 21.70; 27.00;  0
20:36:23; 21.70; 27.00;  0
20:36:54; 21.70; 27.00;  0
20:37:25; 21.60; 27.00;  0
20:37:55; 21.60; 27.00;  0
20:38:26; 21.70; 27.00;  0
20:38:57; 21.60; 27.00;  0
20:39:28; 21.60; 27.00;  0
20:39:59; 21.60; 27.00;  0
20:40:30; 21.60; 27.00;  0
20:41:01; 21.60; 27.00;  0
20:41:32; 21.60; 27.00;  0
20:42:03; 21.60; 27.00;  0
20:42:34; 21.60; 27.00;  0
20:43:05; 21.60; 27.00;  0
20:43:36; 21.60; 27.00;  0
20:44:07; 21.60; 27.00;  0
20:44:38; 21.60; 27.00;  0
20:45:09; 21.60; 27.00;  0
20:45:40; 21.60; 27.00;  0
20:46:11; 21.60; 27.00;  0
20:46:42; 21.60; 27.00;  0
20:47:12; 21.60; 27.00;  0
20:47:43; 21.60; 27.00;  0
20:48:14; 21.60; 27.00;  0
20:48:45; 21.50; 27.00;  0
20:49:16; 21.60; 27.00;  0
20:49:47; 21.60; 27.00;  0
20:50:18; 21.60; 27.00;  0
20:50:49; 21.60; 27.00;  0
20:51:19; 21.60; 27.00;  0
20:51:50; 21.60; 27.00;  0
20:52:21; 21.60; 27.00;  0
20:52:51; 21.50; 27.00;  0
20:53:22; 21.60; 27.00;  0
20:53:53; 21.50; 27.00;  0
20:54:24; 21.50; 27.00;  0
20:54:55; 21.50; 27.00;  0
20:55:26; 21.50; 27.00;  0
20:55:57; 21.50; 27.00;  0
20:56:28; 21.50; 27.00;  0
20:56:59; 21.50; 27.00;  0
20:57:30; 21.50; 27.00;  0
20:58:01; 21.50; 28.00;  0
20:58:32; 21.50; 28.00;  0
20:59:03; 21.50; 27.00;  0
20:59:34; 21.50; 28.00;  0
21:00:05; 21.50; 28.00;  0
21:00:36; 21.50; 27.00;  0
21:01:07; 21.50; 27.00;  0
21:01:38; 21.50; 27.00;  0
21:02:08; 21.50; 28.00;  0
21:02:39; 21.50; 28.00;  0
21:03:10; 21.50; 28.00;  0
21:03:40; 21.40; 28.00;  0
21:04:11; 21.40; 28.00;  0
21:04:42; 21.40; 28.00;  0
21:05:13; 21.40; 28.00;  0
21:05:44; 21.40; 28.00;  0
21:06:14; 21.40; 28.00;  0
21:06:45; 21.40; 28.00;  0
21:07:16; 21.40; 28.00;  0
21:07:47; 21.40; 28.00;  0
21:08:18; 21.50; 28.00;  0
21:08:49; 21.40; 28.00;  0
21:09:20; 21.40; 28.00;  0
21:09:51; 21.40; 28.00;  0
21:10:22; 21.40; 28.00;  0
21:10:53; 21.40; 28.00;  0
21:11:24; 21.40; 28.00;  0
21:11:55; 21.40; 28.00;  0
21:12:26; 21.40; 28.00;  0
21:12:57; 21.40; 28.00;  0
21:13:28; 21.40; 28.00;  0
21:13:59; 21.40; 28.00;  0
21:14:30; 21.40; 28.00;  0
21:15:01; 21.40; 28.00;  0
21:15:32; 21.40; 28.00;  0
21:16:03; 21.40; 28.00;  0
21:16:34; 21.40; 28.00;  0
21:17:04; 21.40; 28.00;  0
21:17:35; 21.40; 28.00;  0
21:18:06; 21.30; 28.00;  0
21:18:36; 21.30; 28.00;  0
21:19:07; 21.30; 28.00;  0
21:19:38; 21.40; 28.00;  0
21:20:09; 21.30; 28.00;  0
21:20:40; 21.30; 28.00;  0
21:21:11; 21.40; 28.00;  0
21:21:42; 21.30; 28.00;  0
21:22:13; 21.30; 28.00;  0
21:22:44; 21.30; 28.00;  0
21:23:15; 21.30; 28.00;  0
21:23:46; 21.40; 28.00;  0
21:24:17; 21.30; 28.00;  0
21:24:48; 21.30; 28.00;  0
21:25:18; 21.30; 28.00;  0
21:25:49; 21.30; 28.00;  0
21:26:20; 21.30; 28.00;  0
21:26:51; 21.30; 28.00;  0
21:27:22; 21.30; 28.00;  0
21:27:53; 21.30; 28.00;  0
21:28:24; 21.30; 28.00;  0
21:28:55; 21.30; 28.00;  0
21:29:26; 21.30; 28.00;  0
21:29:57; 21.20; 27.00;  0
21:30:28; 21.30; 28.00;  0
21:30:59; 21.20; 27.00;  0
21:31:30; 21.20; 27.00;  0
21:32:00; 21.30; 28.00;  0
21:32:31; 21.30; 28.00;  0
21:33:02; 21.30; 28.00;  0
21:33:32; 21.30; 28.00;  0
21:34:03; 21.30; 28.00;  0
21:34:34; 21.30; 28.00;  0
21:35:05; 21.20; 27.00;  0
21:35:36; 21.30; 28.00;  0
21:36:07; 21.30; 28.00;  0
21:36:38; 21.20; 27.00;  0
21:37:09; 21.20; 27.00;  0
21:37:40; 21.20; 27.00;  0
21:38:11; 21.20; 27.00;  0
21:38:42; 21.20; 27.00;  0
21:39:13; 21.20; 27.00;  0
21:39:44; 21.20; 27.00;  0
21:40:14; 21.20; 27.00;  0
21:40:45; 21.20; 27.00;  0
21:41:16; 21.20; 27.00;  0
21:41:47; 21.20; 27.00;  0
21:42:18; 21.20; 27.00;  0
21:42:49; 21.20; 27.00;  0
21:43:20; 21.20; 27.00;  0
21:43:51; 21.20; 27.00;  0
21:44:22; 21.20; 27.00;  0
21:44:53; 21.20; 27.00;  0
21:45:24; 21.20; 27.00;  0
21:45:55; 21.20; 27.00;  0
21:46:26; 21.20; 27.00;  0
21:46:57; 21.20; 27.00;  0
21:47:27; 21.20; 27.00;  0
21:47:58; 21.20; 27.00;  0
21:48:29; 21.20; 27.00;  0
21:48:59; 21.20; 27.00;  0
21:49:30; 21.20; 27.00;  0
21:50:01; 21.20; 27.00;  0
21:50:32; 21.10; 27.00;  0
21:51:03; 21.20; 27.00;  0
21:51:34; 21.20; 27.00;  0
21:52:05; 21.20; 27.00;  0
21:52:36; 21.20; 27.00;  0
21:53:07; 21.20; 27.00;  0
21:53:38; 21.20; 27.00;  0
21:54:09; 21.20; 27.00;  0
21:54:40; 21.10; 27.00;  0
21:55:11; 21.20; 27.00;  0
21:55:42; 21.10; 27.00;  0
21:56:13; 21.10; 27.00;  0
21:56:44; 21.10; 27.00;  0
21:57:15; 21.10; 27.00;  0
21:57:46; 21.10; 27.00;  0
21:58:17; 21.10; 27.00;  0
21:58:48; 21.10; 27.00;  0
21:59:18; 21.10; 27.00;  0
21:59:49; 21.10; 27.00;  0
22:00:20; 21.10; 27.00;  0
22:00:51; 21.10; 27.00;  0
22:01:22; 21.10; 27.00;  0
22:01:53; 21.10; 27.00;  0
22:02:23; 21.10; 27.00;  0
22:02:54; 21.10; 27.00;  0
22:03:25; 21.10; 27.00;  0
22:03:55; 21.20; 27.00;  0
22:04:26; 21.10; 27.00;  0
22:04:57; 21.10; 27.00;  0
22:05:28; 21.10; 27.00;  0
22:05:59; 21.10; 27.00;  0
22:06:30; 21.10; 27.00;  0
22:07:01; 21.10; 27.00;  0
22:07:32; 21.10; 27.00;  0
22:08:03; 21.10; 27.00;  0
22:08:34; 21.10; 27.00;  0
22:09:05; 21.10; 27.00;  0
22:09:36; 21.10; 27.00;  0
22:10:07; 21.10; 27.00;  0
22:10:38; 21.10; 27.00;  0
22:11:09; 21.10; 27.00;  0
22:11:40; 21.10; 27.00;  0
22:12:11; 21.10; 27.00;  0
22:12:42; 21.10; 27.00;  0
22:13:13; 21.10; 27.00;  0
22:13:44; 21.10; 27.00;  0
22:14:14; 21.10; 27.00;  0
22:14:45; 21.10; 27.00;  0
22:15:16; 21.10; 27.00;  0
22:15:47; 21.10; 27.00;  0
22:16:18; 21.10; 27.00;  0
22:16:49; 21.10; 27.00;  0
22:17:19; 21.10; 27.00;  0
22:17:50; 21.10; 27.00;  0
22:18:21; 21.10; 27.00;  0
22:18:51; 21.10; 27.00;  0
22:19:22; 21.10; 27.00;  0
22:19:53; 21.10; 27.00;  0
22:20:24; 21.10; 27.00;  0
22:20:55; 21.10; 27.00;  0
22:21:26; 21.10; 27.00;  0
22:21:57; 21.10; 27.00;  0
22:22:28; 21.10; 27.00;  0
22:22:59; 21.10; 27.00;  0
22:23:30; 21.10; 27.00;  0
22:24:01; 21.10; 27.00;  0
22:24:32; 21.10; 27.00;  0
22:25:03; 21.10; 27.00;  0
22:25:34; 21.10; 27.00;  0
22:26:05; 21.10; 27.00;  0
22:26:36; 21.10; 27.00;  0
22:27:07; 21.10; 27.00;  0
22:27:38; 21.10; 27.00;  0
22:28:09; 21.10; 27.00;  0
22:28:40; 21.10; 27.00;  0
22:29:11; 21.00; 27.00;  0
22:29:42; 21.10; 27.00;  0
22:30:13; 21.10; 27.00;  0
22:30:44; 21.00; 27.00;  0
22:31:15; 21.10; 27.00;  0
22:31:46; 21.00; 27.00;  0
22:32:16; 21.00; 27.00;  0
22:32:47; 21.00; 27.00;  0
22:33:18; 21.00; 27.00;  0
22:33:49; 21.10; 27.00;  0
22:34:20; 21.10; 27.00;  0
22:34:51; 21.00; 27.00;  0
22:35:22; 21.00; 27.00;  0
22:35:53; 21.10; 27.00;  0
22:36:23; 21.00; 27.00;  0
22:36:54; 21.00; 27.00;  0
22:37:25; 21.00; 27.00;  0
22:37:55; 21.00; 27.00;  0
22:38:26; 21.00; 27.00;  0
22:38:57; 21.00; 27.00;  0
22:39:28; 21.10; 27.00;  0
22:39:59; 21.00; 27.00;  0
22:40:30; 21.00; 27.00;  0
22:41:01; 21.00; 27.00;  0
22:41:32; 21.00; 27.00;  0
22:42:03; 21.00; 27.00;  0
22:42:34; 21.00; 27.00;  0
22:43:05; 21.00; 27.00;  0
22:43:36; 20.90; 27.00;  0
22:44:07; 21.00; 27.00;  0
22:44:38; 21.00; 27.00;  0
22:45:09; 21.00; 27.00;  0
22:45:40; 21.00; 27.00;  0
22:46:11; 21.00; 27.00;  0
22:46:42; 21.00; 27.00;  0
22:47:12; 21.00; 27.00;  0
22:47:43; 21.00; 27.00;  0
22:48:14; 21.00; 27.00;  0
22:48:45; 20.90; 27.00;  0
22:49:16; 21.00; 27.00;  0
22:49:47; 21.00; 27.00;  0
22:50:18; 20.90; 27.00;  0
22:50:49; 21.00; 27.00;  0
22:51:19; 20.90; 27.00;  0
22:51:50; 20.90; 27.00;  0
22:52:21; 20.90; 27.00;  0
22:52:51; 20.90; 27.00;  0
22:53:22; 21.00; 27.00;  0
22:53:53; 21.00; 27.00;  0
22:54:24; 20.90; 27.00;  0
22:54:55; 21.00; 27.00;  0
22:55:26; 20.90; 27.00;  0
22:55:57; 20.90; 27.00;  0
22:56:28; 20.90; 27.00;  0
22:56:59; 21.00; 27.00;  0
22:57:30; 20.90; 27.00;  0
22:58:01; 20.90; 27.00;  0
22:58:32; 20.90; 27.00;  0
22:59:03; 20.90; 27.00;  0
22:59:34; 20.90; 27.00;  0
23:00:05; 20.90; 27.00;  0
23:00:36; 20.90; 27.00;  0
23:01:07; 20.90; 27.00;  0
23:01:38; 20.90; 27.00;  0
23:02:08; 20.90; 27.00;  0
23:02:39; 20.90; 27.00;  0
23:03:10; 20.90; 27.00;  0
23:03:40; 20.90; 27.00;  0
23:04:11; 20.90; 27.00;  0
23:04:42; 20.80; 27.00;  0
23:05:13; 20.90; 27.00;  0
23:05:44; 20.90; 27.00;  0
23:06:14; 20.90; 27.00;  0
23:06:45; 20.90; 27.00;  0
23:07:16; 20.90; 27.00;  0
23:07:47; 20.90; 27.00;  0
23:08:18; 20.90; 27.00;  0
23:08:49; 20.80; 27.00;  0
23:09:20; 20.80; 27.00;  0
23:09:51; 20.90; 27.00;  0
23:10:22; 20.90; 27.00;  0
23:10:53; 20.90; 27.00;  0
23:11:24; 20.90; 27.00;  0
23:11:55; 20.80; 27.00;  0
23:12:26; 20.80; 27.00;  0
23:12:57; 20.80; 27.00;  0
23:13:28; 20.80; 27.00;  0
23:13:59; 20.80; 27.00;  0
23:14:30; 20.80; 27.00;  0
23:15:01; 20.80; 27.00;  0
23:15:32; 20.80; 27.00;  0
23:16:03; 20.80; 27.00;  0
23:16:34; 20.80; 27.00;  0
23:17:04; 20.80; 27.00;  0
23:17:35; 20.80; 27.00;  0
23:18:06; 20.80; 27.00;  0
23:18:36; 20.80; 27.00;  0
23:19:07; 20.80; 27.00;  0
23:19:38; 20.90; 27.00;  0
23:20:09; 20.90; 27.00;  0
23:20:40; 20.80; 27.00;  0
23:21:11; 20.90; 27.00;  0
23:21:42; 20.80; 27.00;  0
23:22:13; 20.80; 27.00;  0
23:22:44; 20.80; 27.00;  0
23:23:15; 20.80; 27.00;  0
23:23:46; 20.80; 27.00;  0
23:24:17; 20.90; 27.00;  0
23:24:48; 20.90; 27.00;  0
23:25:18; 20.80; 27.00;  0
23:25:49; 20.80; 27.00;  0
23:26:20; 20.80; 27.00;  0
23:26:51; 20.70; 27.00;  0
23:27:22; 20.80; 27.00;  0
23:27:53; 20.80; 27.00;  0
23:28:24; 20.80; 27.00;  0
23:28:55; 20.80; 27.00;  0
23:29:26; 20.80; 27.00;  0
23:29:57; 20.70; 27.00;  0
23:30:28; 20.70; 27.00;  0
23:30:59; 20.70; 27.00;  0
23:31:30; 20.80; 27.00;  0
23:32:00; 20.80; 27.00;  0
23:32:31; 20.80; 27.00;  0
23:33:02; 20.80; 27.00;  0
23:33:32; 20.80; 27.00;  0
23:34:03; 20.70; 27.00;  0
23:34:34; 20.70; 27.00;  0
23:35:05; 20.80; 27.00;  0
23:35:36; 20.80; 27.00;  0
23:36:07; 20.80; 27.00;  0
23:36:38; 20.80; 27.00;  0
23:37:09; 20.70; 27.00;  0
23:37:40; 20.70; 27.00;  0
23:38:11; 20.80; 27.00;  0
23:38:42; 20.80; 27.00;  0
23:39:13; 20.80; 27.00;  0
23:39:44; 20.70; 27.00;  0
23:40:14; 20.70; 27.00;  0
23:40:45; 20.70; 27.00;  0
23:41:16; 20.80; 27.00;  0
23:41:47; 20.70; 27.00;  0
23:42:18; 20.80; 27.00;  0
23:42:49; 20.80; 27.00;  0
23:43:20; 20.70; 27.00;  0
23:43:51; 20.80; 27.00;  0
23:44:22; 20.70; 27.00;  0
23:44:53; 20.70; 27.00;  0
23:45:24; 20.70; 27.00;  0
23:45:55; 20.70; 27.00;  0
23:46:26; 20.80; 27.00;  0
23:46:57; 20.80; 27.00;  0
23:47:27; 20.70; 27.00;  0
23:47:58; 20.80; 27.00;  0
23:48:29; 20.70; 27.00;  0
23:48:59; 20.70; 27.00;  0
23:49:30; 20.70; 27.00;  0
23:50:01; 20.80; 27.00;  0
23:50:32; 20.70; 27.00;  0
23:51:03; 20.70; 27.00;  0
23:51:34; 20.80; 27.00;  0
23:52:05; 20.70; 27.00;  0
23:52:36; 20.80; 27.00;  0
23:53:07; 20.70; 27.00;  0
23:53:38; 20.70; 27.00;  0
23:54:09; 20.70; 27.00;  0
23:54:40; 20.70; 27.00;  0
23:55:11; 20.80; 27.00;  0
23:55:42; 20.70; 27.00;  0
23:56:13; 20.70; 27.00;  0
23:56:44; 20.60; 27.00;  0
23:57:15; 20.60; 27.00;  0
23:57:46; 20.70; 27.00;  0
23:58:17; 20.70; 27.00;  0
23:58:48; 20.70; 27.00;  0
23:59:18; 20.70; 27.00;  0
23:59:49; 20.60; 27.00;  0
Dia;       Tuesday, 07. February 2023;  Hora de Inicio;    00:00:00
00:00:31; 20.60; 27.00;  0
00:01:02; 20.70; 27.00;  0
00:01:33; 20.60; 27.00;  0
00:02:04; 20.60; 27.00;  0
00:02:35; 20.70; 27.00;  0
00:03:05; 20.60; 27.00;  0
00:03:36; 20.60; 27.00;  0
00:04:07; 20.60; 27.00;  0
00:04:38; 20.60; 27.00;  0
00:05:09; 20.60; 27.00;  0
00:05:40; 20.60; 26.00;  0
00:06:10; 20.70; 26.00;  0
00:06:41; 20.60; 26.00;  0
00:07:12; 20.60; 26.00;  0
00:07:43; 20.70; 26.00;  0
00:08:14; 20.60; 27.00;  0
00:08:45; 20.60; 27.00;  0
00:09:16; 20.60; 27.00;  0
00:09:47; 20.60; 27.00;  0
00:10:18; 20.70; 27.00;  0
00:10:49; 20.60; 27.00;  0
00:11:20; 20.70; 26.00;  0
00:11:51; 20.60; 26.00;  0
00:12:21; 20.60; 27.00;  0
00:12:52; 20.60; 26.00;  0
00:13:23; 20.60; 27.00;  0
00:13:54; 20.60; 27.00;  0
00:14:25; 20.60; 26.00;  0
00:14:56; 20.60; 26.00;  0
00:15:26; 20.60; 27.00;  0
00:15:57; 20.70; 26.00;  0
00:16:27; 20.60; 26.00;  0
00:16:58; 20.60; 27.00;  0
00:17:29; 20.60; 26.00;  0
00:17:59; 20.70; 27.00;  0
00:18:30; 20.60; 26.00;  0
00:19:01; 20.60; 26.00;  0
00:19:31; 20.60; 26.00;  0
00:20:02; 20.60; 26.00;  0
00:20:32; 20.60; 26.00;  0
00:21:03; 20.60; 26.00;  0
00:21:34; 20.60; 26.00;  0
00:22:04; 20.60; 26.00;  0
00:22:35; 20.60; 26.00;  0
00:23:05; 20.60; 26.00;  0
00:23:35; 20.60; 26.00;  0
00:24:06; 20.60; 26.00;  0
00:24:36; 20.60; 26.00;  0
00:25:07; 20.60; 26.00;  0
00:25:38; 20.60; 26.00;  0
00:26:08; 20.60; 26.00;  0
00:26:39; 20.60; 26.00;  0
00:27:10; 20.60; 26.00;  0
00:27:40; 20.60; 26.00;  0
00:28:11; 20.60; 26.00;  0
00:28:41; 20.60; 26.00;  0
00:29:12; 20.60; 26.00;  0
00:29:43; 20.60; 26.00;  0
00:30:13; 20.60; 26.00;  0
00:30:44; 20.60; 26.00;  0
00:31:14; 20.50; 26.00;  0
00:31:45; 20.60; 26.00;  0
00:32:16; 20.50; 26.00;  0
00:32:47; 20.50; 26.00;  0
00:33:18; 20.60; 26.00;  0
00:33:49; 20.50; 26.00;  0
00:34:20; 20.50; 26.00;  0
00:34:51; 20.50; 26.00;  0
00:35:21; 20.50; 26.00;  0
00:35:52; 20.50; 26.00;  0
00:36:23; 20.50; 26.00;  0
00:36:54; 20.60; 26.00;  0
00:37:24; 20.60; 26.00;  0
00:37:55; 20.50; 26.00;  0
00:38:26; 20.60; 26.00;  0
00:38:57; 20.50; 26.00;  0
00:39:28; 20.50; 26.00;  0
00:39:59; 20.50; 26.00;  0
00:40:30; 20.50; 26.00;  0
00:41:00; 20.60; 26.00;  0
00:41:31; 20.50; 26.00;  0
00:42:02; 20.50; 26.00;  0
00:42:33; 20.60; 26.00;  0
00:43:03; 20.50; 26.00;  0
00:43:34; 20.60; 26.00;  0
00:44:05; 20.50; 26.00;  0
00:44:36; 20.60; 26.00;  0
00:45:06; 20.60; 26.00;  0
00:45:37; 20.60; 26.00;  0
00:46:08; 20.50; 26.00;  0
00:46:39; 20.60; 26.00;  0
00:47:10; 20.50; 25.00;  0
00:47:41; 20.50; 26.00;  0
00:48:11; 20.50; 25.00;  0
00:48:42; 20.50; 25.00;  0
00:49:13; 20.50; 25.00;  0
00:49:44; 20.50; 25.00;  0
00:50:14; 20.50; 26.00;  0
00:50:45; 20.50; 25.00;  0
00:51:16; 20.50; 26.00;  0
00:51:47; 20.50; 26.00;  0
00:52:18; 20.50; 26.00;  0
00:52:49; 20.60; 26.00;  0
00:53:20; 20.50; 25.00;  0
00:53:51; 20.60; 25.00;  0
00:54:21; 20.50; 25.00;  0
00:54:52; 20.50; 25.00;  0
00:55:23; 20.50; 25.00;  0
00:55:54; 20.50; 25.00;  0
00:56:24; 20.50; 25.00;  0
00:56:55; 20.50; 25.00;  0
00:57:26; 20.50; 25.00;  0
00:57:57; 20.50; 25.00;  0
00:58:28; 20.60; 25.00;  0
00:58:59; 20.50; 25.00;  0
00:59:30; 20.50; 25.00;  0
01:00:00; 20.50; 25.00;  0
01:00:31; 20.50; 25.00;  0
01:01:02; 20.50; 25.00;  0
01:01:33; 20.50; 25.00;  0
01:02:04; 20.50; 25.00;  0
01:02:35; 20.60; 25.00;  0
01:03:06; 20.50; 25.00;  0
01:03:37; 20.50; 25.00;  0
01:04:08; 20.50; 25.00;  0
01:04:38; 20.50; 25.00;  0
01:05:09; 20.50; 25.00;  0
01:05:40; 20.50; 25.00;  0
01:06:10; 20.50; 25.00;  0
01:06:41; 20.50; 25.00;  0
01:07:12; 20.50; 25.00;  0
01:07:43; 20.50; 25.00;  0
01:08:14; 20.50; 25.00;  0
01:08:45; 20.50; 25.00;  0
01:09:16; 20.40; 25.00;  0
01:09:47; 20.50; 25.00;  0
01:10:17; 20.50; 25.00;  0
01:10:48; 20.50; 25.00;  0
01:11:19; 20.50; 25.00;  0
01:11:50; 20.40; 25.00;  0
01:12:21; 20.40; 25.00;  0
01:12:52; 20.40; 25.00;  0
01:13:22; 20.40; 25.00;  0
01:13:53; 20.40; 25.00;  0
01:14:24; 20.40; 25.00;  0
01:14:55; 20.50; 25.00;  0
01:15:26; 20.40; 25.00;  0
01:15:57; 20.50; 25.00;  0
01:16:28; 20.40; 25.00;  0
01:16:59; 20.50; 25.00;  0
01:17:30; 20.50; 25.00;  0
01:18:00; 20.50; 25.00;  0
01:18:31; 20.40; 25.00;  0
01:19:02; 20.40; 25.00;  0
01:19:33; 20.40; 25.00;  0
01:20:04; 20.40; 25.00;  0
01:20:35; 20.40; 25.00;  0
01:21:05; 20.40; 25.00;  0
01:21:36; 20.40; 25.00;  0
01:22:07; 20.40; 25.00;  0
01:22:38; 20.40; 25.00;  0
01:23:09; 20.40; 25.00;  0
01:23:40; 20.40; 25.00;  0
01:24:11; 20.40; 25.00;  0
01:24:42; 20.40; 25.00;  0
01:25:12; 20.40; 25.00;  0
01:25:43; 20.40; 25.00;  0
01:26:14; 20.30; 25.00;  0
01:26:45; 20.30; 25.00;  0
01:27:16; 20.40; 25.00;  0
01:27:47; 20.30; 25.00;  0
01:28:17; 20.30; 25.00;  0
01:28:48; 20.30; 25.00;  0
01:29:19; 20.30; 25.00;  0
01:29:50; 20.30; 25.00;  0
01:30:21; 20.30; 25.00;  0
01:30:52; 20.30; 25.00;  0
01:31:23; 20.40; 25.00;  0
01:31:54; 20.30; 25.00;  0
01:32:25; 20.30; 25.00;  0
01:32:56; 20.30; 25.00;  0
01:33:26; 20.30; 25.00;  0
01:33:57; 20.40; 25.00;  0
01:34:28; 20.30; 25.00;  0
01:34:59; 20.30; 25.00;  0
01:35:29; 20.30; 25.00;  0
01:36:00; 20.30; 25.00;  0
01:36:31; 20.30; 25.00;  0
01:37:02; 20.30; 25.00;  0
01:37:33; 20.30; 24.00;  0
01:38:04; 20.30; 25.00;  0
01:38:35; 20.30; 24.00;  0
01:39:06; 20.30; 24.00;  0
01:39:37; 20.30; 25.00;  0
01:40:08; 20.40; 24.00;  0
01:40:38; 20.30; 24.00;  0
01:41:09; 20.30; 24.00;  0
01:41:40; 20.30; 24.00;  0
01:42:11; 20.30; 24.00;  0
01:42:42; 20.30; 24.00;  0
01:43:12; 20.30; 24.00;  0
01:43:43; 20.30; 24.00;  0
01:44:14; 20.30; 24.00;  0
01:44:45; 20.30; 24.00;  0
01:45:16; 20.30; 24.00;  0
01:45:47; 20.30; 24.00;  0
01:46:18; 20.30; 24.00;  0
01:46:48; 20.20; 23.00;  0
01:47:19; 20.30; 24.00;  0
01:47:50; 20.20; 23.00;  0
01:48:20; 20.20; 23.00;  0
01:48:51; 20.20; 23.00;  0
01:49:22; 20.20; 23.00;  0
01:49:53; 20.20; 23.00;  0
01:50:23; 20.20; 23.00;  0
01:50:54; 20.30; 24.00;  0
01:51:25; 20.30; 24.00;  0
01:51:56; 20.20; 23.00;  0
01:52:27; 20.20; 23.00;  0
01:52:58; 20.20; 23.00;  0
01:53:29; 20.20; 23.00;  0
01:54:00; 20.20; 23.00;  0
01:54:31; 20.20; 23.00;  0
01:55:02; 20.20; 23.00;  0
01:55:33; 20.20; 23.00;  0
01:56:04; 20.20; 23.00;  0
01:56:35; 20.20; 23.00;  0
01:57:06; 20.30; 25.00;  0
01:57:37; 20.30; 24.00;  0
01:58:07; 20.30; 24.00;  0
01:58:38; 20.30; 24.00;  0
01:59:10; 20.20; 23.00;  0
01:59:41; 20.20; 23.00;  0
02:00:12; 20.20; 23.00;  0
02:00:43; 20.20; 23.00;  0
02:01:14; 20.20; 23.00;  0
02:01:45; 20.20; 23.00;  0
02:02:17; 20.10; 23.00;  0
02:02:48; 20.20; 23.00;  0
02:03:19; 20.20; 23.00;  0
02:03:50; 20.10; 23.00;  0
02:04:20; 20.20; 23.00;  0
02:04:51; 20.20; 23.00;  0
02:05:22; 20.10; 23.00;  0
02:05:53; 20.10; 23.00;  0
02:06:24; 20.10; 23.00;  0
02:06:55; 20.10; 23.00;  0
02:07:26; 20.20; 23.00;  0
02:07:56; 20.10; 23.00;  0
02:08:27; 20.20; 23.00;  0
02:08:59; 20.10; 23.00;  0
02:09:30; 20.10; 23.00;  0
02:10:01; 20.10; 23.00;  0
02:10:32; 20.20; 23.00;  0
02:11:03; 20.20; 23.00;  0
02:11:34; 20.20; 23.00;  0
02:12:04; 20.20; 23.00;  0
02:12:35; 20.10; 23.00;  0
02:13:06; 20.10; 23.00;  0
02:13:37; 20.10; 23.00;  0
02:14:09; 20.10; 23.00;  0
02:14:40; 20.10; 23.00;  0
02:15:11; 20.10; 23.00;  0
02:15:42; 20.10; 23.00;  0
02:16:13; 20.10; 23.00;  0
02:16:44; 20.10; 23.00;  0
02:17:15; 20.10; 23.00;  0
02:17:46; 20.10; 23.00;  0
02:18:17; 20.10; 23.00;  0
02:18:48; 20.20; 23.00;  0
02:19:19; 20.20; 23.00;  0
02:19:50; 20.20; 23.00;  0
02:20:20; 20.20; 23.00;  0
02:20:51; 20.10; 23.00;  0
02:21:22; 20.10; 23.00;  0
02:21:53; 20.10; 23.00;  0
02:22:24; 20.20; 23.00;  0
02:22:55; 20.20; 23.00;  0
02:23:26; 20.20; 23.00;  0
02:23:56; 20.20; 23.00;  0
02:24:27; 20.20; 23.00;  0
02:24:58; 20.20; 23.00;  0
02:25:29; 20.10; 23.00;  0
02:26:00; 20.10; 23.00;  0
02:26:31; 20.10; 23.00;  0
02:27:02; 20.10; 23.00;  0
02:27:33; 20.10; 23.00;  0
02:28:04; 20.10; 23.00;  0
02:28:35; 20.10; 23.00;  0
02:29:06; 20.10; 23.00;  0
02:29:37; 20.10; 23.00;  0
02:30:09; 20.10; 23.00;  0
02:30:40; 20.10; 23.00;  0
02:31:11; 20.10; 23.00;  0
02:31:42; 20.10; 23.00;  0
02:32:13; 20.10; 23.00;  0
02:32:44; 20.10; 23.00;  0
02:33:15; 20.10; 23.00;  0
02:33:46; 20.10; 23.00;  0
02:34:17; 20.10; 23.00;  0
02:34:49; 20.10; 23.00;  0
02:35:19; 20.10; 23.00;  0
02:35:50; 20.10; 23.00;  0
02:36:21; 20.10; 23.00;  0
02:36:52; 20.10; 23.00;  0
02:37:23; 20.10; 23.00;  0
02:37:55; 20.10; 23.00;  0
02:38:26; 20.10; 23.00;  0
02:38:56; 20.10; 23.00;  0
02:39:27; 20.10; 23.00;  0
02:39:58; 20.10; 23.00;  0
02:40:29; 20.10; 23.00;  0
02:41:00; 20.10; 23.00;  0
02:41:31; 20.10; 23.00;  0
02:42:02; 20.10; 23.00;  0
02:42:33; 20.10; 23.00;  0
02:43:04; 20.10; 23.00;  0
02:43:35; 20.10; 23.00;  0
02:44:06; 20.00; 23.00;  0
02:44:37; 20.10; 23.00;  0
02:45:08; 20.00; 23.00;  0
02:45:39; 20.10; 22.00;  0
02:46:10; 20.00; 23.00;  0
02:46:41; 20.00; 23.00;  0
02:47:12; 20.00; 23.00;  0
02:47:43; 20.00; 23.00;  0
02:48:14; 20.00; 23.00;  0
02:48:45; 20.00; 23.00;  0
02:49:17; 20.00; 22.00;  0
02:49:48; 20.00; 22.00;  0
02:50:18; 20.10; 22.00;  0
02:50:49; 20.00; 22.00;  0
02:51:20; 20.00; 22.00;  0
02:51:51; 20.00; 22.00;  0
02:52:22; 20.00; 22.00;  0
02:52:53; 20.00; 22.00;  0
02:53:24; 20.00; 22.00;  0
02:53:56; 20.00; 22.00;  0
02:54:27; 20.00; 22.00;  0
02:54:58; 20.00; 22.00;  0
02:55:29; 20.00; 22.00;  0
02:56:00; 20.00; 22.00;  0
02:56:31; 20.00; 22.00;  0
02:57:02; 20.00; 22.00;  0
02:57:33; 20.00; 22.00;  0
02:58:04; 20.00; 22.00;  0
02:58:35; 20.00; 22.00;  0
02:59:06; 20.00; 22.00;  0
02:59:37; 20.00; 22.00;  0
03:00:08; 20.00; 22.00;  0
03:00:39; 20.00; 22.00;  0
03:01:10; 20.00; 22.00;  0
03:01:41; 20.00; 22.00;  0
03:02:12; 20.00; 22.00;  0
03:02:43; 20.00; 22.00;  0
03:03:14; 20.00; 22.00;  0
03:03:45; 20.00; 22.00;  0
03:04:16; 20.00; 22.00;  0
03:04:46; 20.00; 22.00;  0
03:05:18; 20.00; 22.00;  0
03:05:49; 20.00; 22.00;  0
03:06:20; 20.00; 22.00;  0
03:06:51; 20.00; 22.00;  0
03:07:22; 20.00; 22.00;  0
03:07:53; 20.00; 22.00;  0
03:08:24; 19.90; 22.00;  0
03:08:55; 19.90; 22.00;  0
03:09:26; 19.90; 22.00;  0
03:09:57; 19.90; 22.00;  0
03:10:28; 19.90; 22.00;  0
03:10:59; 19.90; 22.00;  0
03:11:30; 19.90; 22.00;  0
03:12:00; 19.90; 22.00;  0
03:12:31; 19.90; 22.00;  0
03:13:02; 19.90; 22.00;  0
03:13:33; 19.90; 22.00;  0
03:14:04; 19.90; 22.00;  0
03:14:35; 19.90; 22.00;  0
03:15:06; 19.90; 22.00;  0
03:15:37; 19.90; 22.00;  0
03:16:08; 19.90; 22.00;  0
03:16:39; 19.90; 22.00;  0
03:17:10; 19.90; 22.00;  0
03:17:41; 19.90; 22.00;  0
03:18:12; 19.90; 22.00;  0
03:18:43; 19.90; 22.00;  0
03:19:14; 19.90; 22.00;  0
03:19:45; 19.90; 22.00;  0
03:20:15; 19.90; 22.00;  0
03:20:46; 20.00; 22.00;  0
03:21:17; 19.90; 21.00;  0
03:21:48; 19.90; 21.00;  0
03:22:20; 19.90; 21.00;  0
03:22:51; 19.90; 22.00;  0
03:23:23; 19.90; 21.00;  0
03:23:54; 19.90; 21.00;  0
03:24:26; 20.00; 22.00;  0
03:24:56; 20.00; 21.00;  0
03:25:27; 20.00; 21.00;  0
03:25:58; 20.00; 21.00;  0
03:26:28; 20.00; 21.00;  0
03:26:59; 20.00; 21.00;  0
03:27:30; 19.90; 21.00;  0
03:28:01; 19.90; 21.00;  0
03:28:32; 19.90; 21.00;  0
03:29:03; 19.90; 21.00;  0
03:29:34; 19.90; 21.00;  0
03:30:05; 19.90; 21.00;  0
03:30:36; 19.90; 21.00;  0
03:31:07; 19.90; 21.00;  0
03:31:39; 19.90; 21.00;  0
03:32:11; 19.90; 21.00;  0
03:32:43; 19.90; 21.00;  0
03:33:15; 19.90; 21.00;  0
03:33:47; 19.90; 21.00;  0
03:34:18; 19.90; 21.00;  0
03:34:49; 19.80; 21.00;  0
03:35:19; 19.90; 21.00;  0
03:35:50; 19.90; 21.00;  0
03:36:21; 19.90; 21.00;  0
03:36:52; 19.90; 21.00;  0
03:37:23; 20.00; 21.00;  0
03:37:54; 19.90; 21.00;  0
03:38:26; 19.90; 21.00;  0
03:38:57; 19.90; 21.00;  0
03:39:28; 19.90; 21.00;  0
03:39:59; 19.90; 21.00;  0
03:40:30; 19.90; 21.00;  0
03:41:01; 19.80; 21.00;  0
03:41:32; 19.80; 21.00;  0
03:42:03; 19.80; 21.00;  0
03:42:34; 19.80; 21.00;  0
03:43:06; 19.90; 21.00;  0
03:43:37; 19.90; 21.00;  0
03:44:08; 19.90; 21.00;  0
03:44:39; 19.80; 21.00;  0
03:45:10; 19.90; 21.00;  0
03:45:41; 19.90; 21.00;  0
03:46:12; 19.80; 21.00;  0
03:46:43; 19.80; 21.00;  0
03:47:15; 19.90; 21.00;  0
03:47:46; 19.90; 21.00;  0
03:48:18; 20.00; 21.00;  0
03:48:49; 19.90; 21.00;  0
03:49:21; 19.90; 21.00;  0
03:49:52; 19.90; 20.00;  0
03:50:22; 19.90; 21.00;  0
03:50:53; 19.90; 21.00;  0
03:51:24; 19.90; 21.00;  0
03:51:55; 19.80; 21.00;  0
03:52:26; 19.80; 21.00;  0
03:52:56; 19.90; 21.00;  0
03:53:27; 19.90; 21.00;  0
03:53:58; 19.90; 21.00;  0
03:54:30; 19.90; 21.00;  0
03:55:01; 19.80; 21.00;  0
03:55:32; 19.90; 21.00;  0
03:56:03; 19.90; 21.00;  0
03:56:34; 19.80; 21.00;  0
03:57:05; 19.80; 21.00;  0
03:57:36; 19.80; 21.00;  0
03:58:08; 19.80; 21.00;  0
03:58:39; 19.80; 21.00;  0
03:59:10; 19.80; 21.00;  0
03:59:41; 19.80; 21.00;  0
04:00:12; 19.80; 21.00;  0
04:00:42; 19.80; 21.00;  0
04:01:13; 19.80; 21.00;  0
04:01:43; 19.80; 21.00;  0
04:02:14; 19.80; 21.00;  0
04:02:45; 19.80; 21.00;  0
04:03:16; 19.80; 21.00;  0
04:03:47; 19.90; 21.00;  0
04:04:19; 19.80; 21.00;  0
04:04:50; 19.80; 21.00;  0
04:05:21; 19.80; 21.00;  0
04:05:51; 19.80; 21.00;  0
04:06:22; 19.90; 21.00;  0
04:06:53; 19.80; 21.00;  0
04:07:23; 19.80; 21.00;  0
04:07:54; 19.80; 21.00;  0
04:08:24; 19.80; 21.00;  0
04:08:55; 19.80; 21.00;  0
04:09:25; 19.80; 21.00;  0
04:09:56; 19.80; 21.00;  0
04:10:26; 19.70; 21.00;  0
04:10:57; 19.80; 21.00;  0
04:11:27; 19.80; 21.00;  0
04:11:58; 19.80; 21.00;  0
04:12:28; 19.70; 21.00;  0
04:12:59; 19.80; 21.00;  0
04:13:29; 19.80; 21.00;  0
04:14:00; 19.80; 21.00;  0
04:14:30; 19.80; 21.00;  0
04:15:02; 19.70; 21.00;  0
04:15:33; 19.70; 21.00;  0
04:16:03; 19.70; 21.00;  0
04:16:34; 19.70; 21.00;  0
04:17:04; 19.70; 21.00;  0
04:17:36; 19.70; 21.00;  0
04:18:06; 19.70; 21.00;  0
04:18:37; 19.70; 21.00;  0
04:19:08; 19.70; 21.00;  0
04:19:39; 19.70; 21.00;  0
04:20:09; 19.70; 21.00;  0
04:20:40; 19.70; 21.00;  0
04:21:10; 19.70; 21.00;  0
04:21:41; 19.70; 21.00;  0
04:22:12; 19.70; 21.00;  0
04:22:43; 19.70; 21.00;  0
04:23:13; 19.70; 21.00;  0
04:23:43; 19.70; 21.00;  0
04:24:14; 19.70; 21.00;  0
04:24:44; 19.80; 21.00;  0
04:25:15; 19.80; 21.00;  0
04:25:45; 19.80; 21.00;  0
04:26:16; 19.80; 21.00;  0
04:26:46; 19.80; 21.00;  0
04:27:17; 19.70; 21.00;  0
04:27:48; 19.70; 21.00;  0
04:28:20; 19.70; 21.00;  0
04:28:50; 19.80; 21.00;  0
04:29:21; 19.80; 21.00;  0
04:29:52; 19.80; 21.00;  0
04:30:22; 19.80; 20.00;  0
04:30:53; 19.80; 20.00;  0
04:31:23; 19.80; 20.00;  0
04:31:54; 19.80; 20.00;  0
04:32:24; 19.80; 21.00;  0
04:32:55; 19.70; 21.00;  0
04:33:26; 19.70; 20.00;  0
04:33:57; 19.70; 20.00;  0
04:34:27; 19.70; 20.00;  0
04:34:58; 19.70; 21.00;  0
04:35:28; 19.70; 21.00;  0
04:35:59; 19.70; 21.00;  0
04:36:29; 19.70; 20.00;  0
04:37:00; 19.70; 21.00;  0
04:37:30; 19.70; 21.00;  0
04:38:01; 19.70; 21.00;  0
04:38:33; 19.70; 21.00;  0
04:39:03; 19.70; 20.00;  0
04:39:34; 19.70; 21.00;  0
04:40:04; 19.70; 21.00;  0
04:40:35; 19.80; 21.00;  0
04:41:05; 19.80; 21.00;  0
04:41:36; 19.80; 21.00;  0
04:42:06; 19.80; 21.00;  0
04:42:38; 19.80; 20.00;  0
04:43:08; 19.80; 20.00;  0
04:43:39; 19.80; 20.00;  0
04:44:09; 19.70; 20.00;  0
04:44:41; 19.80; 20.00;  0
04:45:12; 19.80; 20.00;  0
04:45:42; 19.80; 20.00;  0
04:46:13; 19.70; 21.00;  0
04:46:43; 19.70; 20.00;  0
04:47:14; 19.80; 20.00;  0
04:47:44; 19.80; 21.00;  0
04:48:15; 19.70; 21.00;  0
04:48:46; 19.80; 20.00;  0
04:49:17; 19.80; 20.00;  0
04:49:48; 19.80; 20.00;  0
04:50:19; 19.70; 20.00;  0
04:50:49; 19.80; 20.00;  0
04:51:20; 19.80; 20.00;  0
04:51:50; 19.70; 20.00;  0
04:52:20; 19.80; 20.00;  0
04:52:51; 19.70; 20.00;  0
04:53:22; 19.70; 20.00;  0
04:53:53; 19.70; 20.00;  0
04:54:24; 19.70; 20.00;  0
04:54:56; 19.70; 20.00;  0
04:55:26; 19.70; 20.00;  0
04:55:57; 19.70; 20.00;  0
04:56:28; 19.70; 20.00;  0
04:57:00; 19.70; 20.00;  0
04:57:30; 19.70; 20.00;  0
04:58:01; 19.70; 20.00;  0
04:58:32; 19.70; 20.00;  0
04:59:02; 19.70; 20.00;  0
04:59:33; 19.70; 20.00;  0
05:00:03; 19.70; 20.00;  0
05:00:35; 19.70; 20.00;  0
05:01:05; 19.80; 20.00;  0
05:01:36; 19.70; 20.00;  0
05:02:06; 19.70; 20.00;  0
05:02:37; 19.70; 20.00;  0
05:03:07; 19.70; 20.00;  0
05:03:38; 19.70; 20.00;  0
05:04:08; 19.70; 20.00;  0
05:04:39; 19.70; 20.00;  0
05:05:09; 19.70; 20.00;  0
05:05:40; 19.70; 20.00;  0
05:06:10; 19.70; 20.00;  0
05:06:41; 19.70; 20.00;  0
05:07:12; 19.60; 20.00;  0
05:07:42; 19.70; 20.00;  0
05:08:12; 19.70; 20.00;  0
05:08:42; 19.70; 20.00;  0
05:09:13; 19.70; 20.00;  0
05:09:43; 19.70; 20.00;  0
05:10:14; 19.60; 20.00;  0
05:10:44; 19.60; 20.00;  0
05:11:16; 19.60; 20.00;  0
05:11:47; 19.60; 20.00;  0
05:12:18; 19.70; 20.00;  0
05:12:49; 19.70; 20.00;  0
05:13:20; 19.70; 20.00;  0
05:13:51; 19.60; 20.00;  0
05:14:22; 19.70; 20.00;  0
05:14:53; 19.70; 20.00;  0
05:15:23; 19.60; 20.00;  0
05:15:54; 19.70; 20.00;  0
05:16:25; 19.60; 20.00;  0
05:16:56; 19.60; 20.00;  0
05:17:26; 19.60; 20.00;  0
05:17:58; 19.60; 20.00;  0
05:18:28; 19.60; 20.00;  0
05:18:59; 19.60; 20.00;  0
05:19:29; 19.60; 20.00;  0
05:20:00; 19.60; 20.00;  0
05:20:30; 19.60; 20.00;  0
05:21:01; 19.60; 20.00;  0
05:21:33; 19.60; 20.00;  0
05:22:03; 19.60; 20.00;  0
05:22:34; 19.60; 20.00;  0
05:23:04; 19.60; 20.00;  0
05:23:36; 19.60; 20.00;  0
05:24:06; 19.60; 20.00;  0
05:24:37; 19.60; 20.00;  0
05:25:08; 19.60; 20.00;  0
05:25:39; 19.60; 20.00;  0
05:26:09; 19.60; 20.00;  0
05:26:40; 19.70; 20.00;  0
05:27:10; 19.70; 20.00;  0
05:27:41; 19.60; 20.00;  0
05:28:12; 19.60; 20.00;  0
05:28:43; 19.70; 20.00;  0
05:29:14; 19.60; 20.00;  0
05:29:45; 19.60; 20.00;  0
05:30:16; 19.60; 20.00;  0
05:30:46; 19.60; 20.00;  0
05:31:18; 19.70; 20.00;  0
05:31:48; 19.60; 20.00;  0
05:32:19; 19.60; 20.00;  0
05:32:49; 19.60; 20.00;  0
05:33:20; 19.60; 20.00;  0
05:33:51; 19.70; 20.00;  0
05:34:22; 19.60; 20.00;  0
05:34:53; 19.60; 20.00;  0
05:35:24; 19.60; 20.00;  0
05:35:55; 19.60; 20.00;  0
05:36:25; 19.70; 20.00;  0
05:36:56; 19.60; 20.00;  0
05:37:26; 19.60; 20.00;  0
05:37:58; 19.60; 20.00;  0
05:38:29; 19.60; 20.00;  0
05:39:00; 19.60; 20.00;  0
05:39:30; 19.60; 20.00;  0
05:40:01; 19.60; 20.00;  0
05:40:32; 19.60; 20.00;  0
05:41:02; 19.60; 20.00;  0
05:41:33; 19.60; 20.00;  0
05:42:04; 19.60; 20.00;  0
05:42:35; 19.60; 20.00;  0
05:43:06; 19.60; 20.00;  0
05:43:37; 19.60; 20.00;  0
05:44:07; 19.60; 20.00;  0
05:44:38; 19.60; 20.00;  0
05:45:09; 19.60; 20.00;  0
05:45:40; 19.60; 20.00;  0
05:46:10; 19.60; 20.00;  0
05:46:41; 19.60; 20.00;  0
05:47:12; 19.60; 20.00;  0
05:47:42; 19.60; 20.00;  0
05:48:13; 19.70; 20.00;  0
05:48:43; 19.60; 20.00;  0
05:49:14; 19.60; 20.00;  0
05:49:44; 19.60; 20.00;  0
05:50:15; 19.60; 20.00;  0
05:50:45; 19.60; 20.00;  0
05:51:17; 19.60; 20.00;  0
05:51:47; 19.60; 20.00;  0
05:52:17; 19.60; 20.00;  0
05:52:47; 19.60; 20.00;  0
05:53:18; 19.60; 20.00;  0
05:53:48; 19.60; 20.00;  0
05:54:18; 19.60; 20.00;  0
05:54:49; 19.60; 20.00;  0
05:55:20; 19.60; 20.00;  0
05:55:50; 19.60; 20.00;  0
05:56:21; 19.60; 20.00;  0
05:56:51; 19.60; 20.00;  0
05:57:23; 19.60; 20.00;  0
05:57:54; 19.60; 20.00;  0
05:58:25; 19.60; 20.00;  0
05:58:56; 19.60; 20.00;  0
05:59:27; 19.60; 20.00;  0
05:59:58; 19.60; 20.00;  0
06:00:29; 19.60; 20.00;  0
06:01:01; 19.60; 20.00;  0
06:01:33; 19.60; 20.00;  0
06:02:03; 19.50; 20.00;  0
06:02:34; 19.60; 20.00;  0
06:03:04; 19.60; 20.00;  0
06:03:35; 19.60; 20.00;  0
06:04:06; 19.60; 20.00;  0
06:04:37; 19.60; 20.00;  0
06:05:08; 19.60; 20.00;  0
06:05:39; 19.60; 20.00;  0
06:06:09; 19.60; 20.00;  0
06:06:40; 19.60; 20.00;  0
06:07:11; 19.60; 20.00;  0
06:07:41; 19.60; 20.00;  0
06:08:12; 19.60; 20.00;  0
06:08:42; 19.60; 20.00;  0
06:09:13; 19.60; 20.00;  0
06:09:43; 19.60; 20.00;  0
06:10:14; 19.60; 20.00;  0
06:10:44; 19.60; 20.00;  0
06:11:15; 19.60; 20.00;  0
06:11:45; 19.60; 20.00;  0
06:12:16; 19.60; 20.00;  0
06:12:46; 19.60; 20.00;  0
06:13:18; 19.60; 20.00;  0
06:13:48; 19.60; 20.00;  0
06:14:19; 19.60; 20.00;  0
06:14:49; 19.60; 20.00;  0
06:15:21; 19.60; 20.00;  0
06:15:51; 19.60; 20.00;  0
06:16:22; 19.60; 20.00;  0
06:16:54; 19.60; 20.00;  0
06:17:24; 19.60; 20.00;  0
06:17:56; 19.60; 20.00;  0
06:18:26; 19.60; 20.00;  0
06:18:58; 19.60; 20.00;  0
06:19:28; 19.60; 20.00;  0
06:20:00; 19.60; 20.00;  0
06:20:30; 19.60; 20.00;  0
06:21:01; 19.60; 20.00;  0
06:21:32; 19.60; 20.00;  0
06:22:03; 19.60; 20.00;  0
06:22:35; 19.60; 20.00;  0
06:23:05; 19.60; 20.00;  0
06:23:37; 19.60; 20.00;  0
06:24:07; 19.60; 20.00;  0
06:24:38; 19.60; 20.00;  0
06:25:08; 19.60; 20.00;  0
06:25:39; 19.60; 20.00;  0
06:26:09; 19.60; 20.00;  0
06:26:40; 19.60; 20.00;  0
06:27:10; 19.50; 20.00;  0
06:27:41; 19.60; 20.00;  0
06:28:12; 19.50; 20.00;  0
06:28:42; 19.60; 20.00;  0
06:29:13; 19.50; 20.00;  0
06:29:44; 19.50; 20.00;  0
06:30:15; 19.60; 20.00;  0
06:30:45; 19.60; 20.00;  0
06:31:16; 19.60; 20.00;  0
06:31:46; 19.60; 20.00;  0
06:32:18; 19.60; 20.00;  0
06:32:49; 19.60; 20.00;  0
06:33:21; 19.50; 20.00;  0
06:33:52; 19.50; 20.00;  0
06:34:22; 19.60; 20.00;  0
06:34:53; 19.60; 20.00;  0
06:35:24; 19.50; 20.00;  0
06:35:55; 19.50; 20.00;  0
06:36:25; 19.50; 20.00;  0
06:36:57; 19.60; 20.00;  0
06:37:27; 19.60; 20.00;  0
06:37:59; 19.60; 20.00;  0
06:38:30; 19.60; 20.00;  0
06:39:00; 19.50; 20.00;  0
06:39:31; 19.50; 20.00;  0
06:40:02; 19.60; 20.00;  0
06:40:33; 19.60; 20.00;  0
06:41:04; 19.60; 20.00;  0
06:41:35; 19.60; 20.00;  0
06:42:05; 19.60; 20.00;  0
06:42:36; 19.60; 20.00;  0
06:43:06; 19.50; 20.00;  0
06:43:37; 19.60; 20.00;  0
06:44:07; 19.60; 20.00;  0
06:44:38; 19.60; 20.00;  0
06:45:08; 19.60; 20.00;  0
06:45:39; 19.50; 20.00;  0
06:46:09; 19.50; 20.00;  0
06:46:40; 19.50; 20.00;  0
06:47:10; 19.50; 20.00;  0
06:47:42; 19.50; 20.00;  0
06:48:13; 19.50; 20.00;  0
06:48:43; 19.40; 20.00;  0
06:49:14; 19.50; 20.00;  0
06:49:45; 19.40; 21.00;  0
06:50:16; 19.50; 20.00;  0
06:50:46; 19.50; 20.00;  0
06:51:17; 19.50; 20.00;  0
06:51:48; 19.50; 20.00;  0
06:52:19; 19.50; 20.00;  0
06:52:50; 19.50; 20.00;  0
06:53:21; 19.50; 20.00;  0
06:53:51; 19.50; 20.00;  0
06:54:22; 19.50; 20.00;  0
06:54:53; 19.50; 20.00;  0
06:55:23; 19.50; 20.00;  0
06:55:54; 19.50; 20.00;  0
06:56:24; 19.50; 20.00;  0
06:56:55; 19.50; 20.00;  0
06:57:25; 19.50; 20.00;  0
06:57:56; 19.60; 20.00;  0
06:58:26; 19.60; 20.00;  0
06:58:57; 19.60; 20.00;  0
06:59:27; 19.60; 20.00;  0
06:59:59; 19.60; 20.00;  0
07:00:30; 19.60; 20.00;  0
07:01:02; 19.60; 20.00;  0
07:01:33; 19.60; 20.00;  0
07:02:03; 19.60; 20.00;  0
07:02:35; 19.60; 20.00;  0
07:03:05; 19.60; 20.00;  0
07:03:36; 19.70; 20.00;  0
07:04:06; 19.60; 20.00;  0
07:04:38; 19.60; 20.00;  0
07:05:08; 19.60; 20.00;  0
07:05:40; 19.60; 20.00;  0
07:06:10; 19.70; 20.00;  0
07:06:42; 19.60; 20.00;  0
07:07:13; 19.60; 20.00;  0
07:07:43; 19.70; 20.00;  0
07:08:14; 19.70; 20.00;  0
07:08:44; 19.70; 20.00;  0
07:09:16; 19.70; 20.00;  0
07:09:46; 19.70; 20.00;  0
07:10:18; 19.70; 20.00;  0
07:10:48; 19.70; 20.00;  0
07:11:20; 19.70; 20.00;  0
07:11:50; 19.70; 20.00;  0
07:12:21; 19.80; 20.00;  0
07:12:51; 19.80; 20.00;  0
07:13:22; 19.80; 20.00;  0
07:13:54; 19.90; 20.00;  0
07:14:24; 19.80; 20.00;  0
07:14:55; 19.80; 20.00;  0
07:15:25; 19.90; 20.00;  0
07:15:56; 19.80; 20.00;  0
07:16:26; 19.80; 20.00;  0
07:16:57; 19.80; 20.00;  0
07:17:28; 19.90; 20.00;  0
07:18:00; 19.90; 20.00;  0
07:18:31; 19.80; 20.00;  0
07:19:01; 19.90; 20.00;  0
07:19:32; 19.90; 20.00;  0
07:20:03; 19.80; 20.00;  0
07:20:34; 19.90; 20.00;  0
07:21:05; 20.00; 20.00;  0
07:21:37; 20.00; 20.00;  0
07:22:08; 20.00; 20.00;  0
07:22:39; 19.90; 20.00;  0
07:23:10; 19.90; 20.00;  0
07:23:41; 20.00; 20.00;  0
07:24:13; 20.00; 20.00;  0
07:24:44; 20.00; 20.00;  0
07:25:15; 20.10; 20.00;  0
07:25:46; 20.10; 20.00;  0
07:26:17; 20.00; 20.00;  0
07:26:48; 20.10; 20.00;  0
07:27:19; 20.00; 20.00;  0
07:27:50; 20.00; 20.00;  0
07:28:21; 20.10; 20.00;  0
07:28:51; 20.00; 20.00;  0
07:29:22; 20.00; 20.00;  0
07:29:53; 20.10; 20.00;  0
07:30:23; 20.00; 20.00;  0
07:30:54; 20.10; 20.00;  0
07:31:24; 20.00; 20.00;  0
07:31:55; 20.10; 20.00;  0
07:32:25; 20.10; 20.00;  0
07:32:56; 20.00; 20.00;  0
07:33:26; 20.00; 20.00;  0
07:33:57; 20.10; 20.00;  0
07:34:27; 20.10; 20.00;  0
07:34:58; 20.10; 20.00;  0
07:35:28; 20.10; 20.00;  0
07:35:59; 20.10; 20.00;  0
07:36:29; 20.10; 20.00;  0
07:37:01; 20.10; 20.00;  0
07:37:32; 20.10; 20.00;  0
07:38:04; 20.10; 20.00;  0
07:38:35; 20.20; 19.00;  0
07:39:05; 20.20; 20.00;  0
07:39:37; 20.20; 20.00;  0
07:40:07; 20.20; 20.00;  0
07:40:38; 20.20; 20.00;  0
07:41:08; 20.10; 20.00;  0
07:41:39; 20.10; 20.00;  0
07:42:09; 20.10; 20.00;  0
07:42:41; 20.20; 20.00;  0
07:43:13; 20.10; 20.00;  0
07:43:43; 20.10; 20.00;  0
07:44:15; 20.10; 20.00;  0
07:44:45; 20.10; 20.00;  0
07:45:17; 20.10; 20.00;  0
07:45:47; 20.00; 20.00;  0
07:46:19; 20.10; 20.00;  0
07:46:49; 20.10; 20.00;  0
07:47:21; 20.10; 20.00;  0
07:47:51; 20.10; 20.00;  0
07:48:22; 20.10; 20.00;  0
07:48:54; 20.10; 20.00;  0
07:49:24; 20.10; 20.00;  0
07:49:56; 20.10; 20.00;  0
07:50:26; 20.10; 20.00;  0
07:50:57; 20.10; 20.00;  0
07:51:28; 20.10; 20.00;  0
07:51:59; 20.10; 23.00;  0
07:52:30; 20.20; 22.00;  0
07:53:02; 20.20; 21.00;  0
07:53:34; 20.20; 20.00;  0
07:54:05; 20.30; 21.00;  0
07:54:37; 20.30; 21.00;  0
07:55:08; 20.30; 22.00;  0
