Dia;       Friday, 05. August 2022;  Hora de Inicio;    01:18:40
Hora [HH:MM:SS]; Temperatura[Celsius];  Humedad[%];  OK?[I/O]
01:19:46; 27.70; 39.00;  0
01:20:47; 27.60; 39.00;  0
01:21:47; 27.60; 39.00;  0
01:22:48; 27.60; 39.00;  0
01:23:49; 27.60; 39.00;  0
01:24:50; 27.50; 39.00;  0
01:25:50; 27.50; 39.00;  0
01:26:51; 27.40; 40.00;  0
01:27:52; 27.40; 40.00;  0
01:28:52; 27.40; 40.00;  0
01:29:53; 27.40; 40.00;  0
01:30:54; 27.40; 40.00;  0
01:31:55; 27.40; 40.00;  0
01:32:56; 27.40; 40.00;  0
01:33:56; 27.40; 40.00;  0
01:34:57; 27.40; 40.00;  0
01:35:57; 27.40; 40.00;  0
01:36:58; 27.40; 40.00;  0
01:37:59; 27.40; 40.00;  0
01:39:00; 27.40; 40.00;  0
01:40:01; 27.30; 40.00;  0
01:41:01; 27.30; 40.00;  0
01:42:02; 27.30; 40.00;  0
01:43:02; 27.30; 40.00;  0
01:44:03; 27.30; 40.00;  0
01:45:04; 27.30; 40.00;  0
01:46:05; 27.30; 40.00;  0
01:47:06; 27.20; 39.00;  0
01:48:06; 27.30; 40.00;  0
01:49:07; 27.30; 40.00;  0
01:50:07; 27.30; 40.00;  0
01:51:08; 27.30; 40.00;  0
01:52:09; 27.30; 40.00;  0
01:53:10; 27.30; 40.00;  0
01:54:11; 27.30; 40.00;  0
01:55:12; 27.40; 40.00;  0
01:56:12; 27.40; 40.00;  0
01:57:13; 27.40; 40.00;  0
01:58:13; 27.40; 40.00;  0
01:59:14; 27.30; 40.00;  0
02:00:14; 27.30; 40.00;  0
02:01:15; 27.30; 40.00;  0
02:02:16; 27.30; 40.00;  0
02:03:17; 27.30; 40.00;  0
02:04:17; 27.30; 40.00;  0
02:05:18; 27.20; 39.00;  0
02:06:19; 27.20; 40.00;  0
02:07:20; 27.30; 40.00;  0
02:08:21; 27.30; 40.00;  0
02:09:22; 27.30; 41.00;  0
02:10:23; 27.30; 40.00;  0
02:11:24; 27.30; 40.00;  0
02:12:24; 27.30; 40.00;  0
02:13:25; 27.20; 39.00;  0
02:14:26; 27.10; 40.00;  0
02:15:27; 27.10; 40.00;  0
02:16:28; 27.10; 40.00;  0
02:17:29; 27.10; 40.00;  0
02:18:30; 27.10; 40.00;  0
02:19:31; 27.10; 40.00;  0
02:20:31; 27.10; 40.00;  0
02:21:32; 27.00; 40.00;  0
02:22:33; 27.00; 40.00;  0
02:23:34; 27.00; 40.00;  0
02:24:35; 27.00; 40.00;  0
02:25:36; 27.00; 40.00;  0
02:26:36; 27.00; 40.00;  0
02:27:37; 27.00; 40.00;  0
02:28:38; 26.90; 40.00;  0
02:29:39; 27.00; 40.00;  0
02:30:40; 26.90; 40.00;  0
02:31:41; 26.80; 41.00;  0
02:32:42; 26.80; 41.00;  0
02:33:43; 26.80; 41.00;  0
02:34:44; 26.80; 41.00;  0
02:35:44; 26.80; 41.00;  0
02:36:45; 26.80; 41.00;  0
02:37:46; 26.70; 41.00;  0
02:38:47; 26.70; 41.00;  0
02:39:48; 26.70; 41.00;  0
02:40:49; 26.70; 41.00;  0
02:41:49; 26.70; 41.00;  0
02:42:50; 26.70; 41.00;  0
02:43:51; 26.70; 41.00;  0
02:44:52; 26.70; 41.00;  0
02:45:53; 26.70; 41.00;  0
02:46:54; 26.70; 41.00;  0
02:47:55; 26.70; 41.00;  0
02:48:56; 26.70; 41.00;  0
02:49:57; 26.70; 41.00;  0
02:50:57; 26.70; 41.00;  0
02:51:58; 26.70; 41.00;  0
02:52:59; 26.70; 41.00;  0
02:54:00; 26.70; 41.00;  0
02:55:01; 26.70; 41.00;  0
02:56:01; 26.70; 42.00;  0
02:57:02; 26.70; 41.00;  0
02:58:03; 26.70; 41.00;  0
02:59:04; 26.80; 41.00;  0
03:00:05; 26.80; 41.00;  0
03:01:06; 26.70; 41.00;  0
03:02:07; 26.80; 41.00;  0
03:03:08; 26.80; 41.00;  0
03:04:08; 26.80; 41.00;  0
03:05:09; 26.80; 41.00;  0
03:06:10; 26.80; 41.00;  0
03:07:11; 26.90; 41.00;  0
03:08:12; 26.90; 41.00;  0
03:09:13; 26.80; 41.00;  0
03:10:14; 26.80; 41.00;  0
03:11:15; 26.80; 41.00;  0
03:12:15; 26.80; 41.00;  0
03:13:16; 26.80; 41.00;  0
03:14:17; 26.80; 41.00;  0
03:15:18; 26.70; 41.00;  0
03:16:19; 26.70; 41.00;  0
03:17:20; 26.70; 41.00;  0
03:18:21; 26.70; 41.00;  0
03:19:22; 26.70; 41.00;  0
03:20:22; 26.70; 42.00;  0
03:21:23; 26.70; 42.00;  0
03:22:24; 26.70; 42.00;  0
03:23:25; 26.70; 41.00;  0
03:24:26; 26.70; 42.00;  0
03:25:27; 26.60; 42.00;  0
03:26:27; 26.70; 42.00;  0
03:27:28; 26.60; 42.00;  0
03:28:29; 26.60; 41.00;  0
03:29:30; 26.70; 42.00;  0
03:30:31; 26.70; 41.00;  0
03:31:32; 26.70; 41.00;  0
03:32:33; 26.70; 41.00;  0
03:33:34; 26.70; 41.00;  0
03:34:35; 26.70; 41.00;  0
03:35:35; 26.80; 41.00;  0
03:36:36; 26.80; 41.00;  0
03:37:37; 26.80; 41.00;  0
03:38:38; 26.70; 41.00;  0
03:39:39; 26.70; 41.00;  0
03:40:40; 26.70; 41.00;  0
03:41:40; 26.80; 41.00;  0
03:42:41; 26.80; 41.00;  0
03:43:42; 26.80; 41.00;  0
03:44:43; 26.90; 41.00;  0
03:45:44; 26.80; 41.00;  0
03:46:45; 26.90; 41.00;  0
03:47:46; 26.80; 41.00;  0
03:48:47; 26.80; 41.00;  0
03:49:48; 26.80; 41.00;  0
03:50:48; 26.70; 41.00;  0
03:51:49; 26.70; 41.00;  0
03:52:50; 26.70; 41.00;  0
03:53:51; 26.80; 41.00;  0
03:54:52; 26.80; 41.00;  0
03:55:53; 26.80; 41.00;  0
03:56:53; 26.80; 41.00;  0
03:57:54; 26.80; 41.00;  0
03:58:55; 26.80; 41.00;  0
03:59:56; 26.70; 41.00;  0
04:00:57; 26.80; 41.00;  0
04:01:58; 26.80; 41.00;  0
04:02:59; 26.80; 41.00;  0
04:04:00; 26.80; 41.00;  0
04:05:01; 26.80; 41.00;  0
04:06:02; 26.70; 41.00;  0
04:07:03; 26.70; 41.00;  0
04:08:03; 26.70; 41.00;  0
04:09:04; 26.60; 41.00;  0
04:10:05; 26.60; 41.00;  0
04:11:06; 26.60; 42.00;  0
04:12:07; 26.60; 42.00;  0
04:13:08; 26.60; 42.00;  0
04:14:09; 26.50; 42.00;  0
04:15:10; 26.50; 42.00;  0
04:16:11; 26.50; 42.00;  0
04:17:12; 26.50; 42.00;  0
04:18:13; 26.50; 42.00;  0
04:19:14; 26.50; 42.00;  0
04:20:15; 26.50; 42.00;  0
04:21:16; 26.50; 42.00;  0
04:22:17; 26.40; 42.00;  0
04:23:17; 26.50; 42.00;  0
04:24:18; 26.40; 42.00;  0
04:25:19; 26.40; 42.00;  0
04:26:20; 26.40; 42.00;  0
04:27:21; 26.40; 42.00;  0
04:28:22; 26.40; 42.00;  0
04:29:23; 26.40; 42.00;  0
04:30:24; 26.40; 42.00;  0
04:31:25; 26.40; 42.00;  0
04:32:26; 26.40; 42.00;  0
04:33:27; 26.40; 42.00;  0
04:34:28; 26.40; 42.00;  0
04:35:29; 26.40; 42.00;  0
04:36:30; 26.30; 42.00;  0
04:37:30; 26.40; 42.00;  0
04:38:31; 26.40; 42.00;  0
04:39:31; 26.40; 42.00;  0
04:40:32; 26.40; 42.00;  0
04:41:33; 26.30; 42.00;  0
04:42:34; 26.30; 42.00;  0
04:43:35; 26.30; 42.00;  0
04:44:36; 26.30; 42.00;  0
04:45:37; 26.30; 42.00;  0
04:46:38; 26.30; 42.00;  0
04:47:39; 26.30; 42.00;  0
04:48:40; 26.30; 42.00;  0
04:49:41; 26.30; 42.00;  0
04:50:42; 26.20; 42.00;  0
04:51:43; 26.20; 42.00;  0
04:52:43; 26.30; 42.00;  0
04:53:44; 26.30; 42.00;  0
04:54:44; 26.30; 42.00;  0
04:55:45; 26.20; 42.00;  0
04:56:46; 26.20; 42.00;  0
04:57:47; 26.20; 42.00;  0
04:58:48; 26.20; 42.00;  0
04:59:49; 26.20; 42.00;  0
05:00:50; 26.20; 42.00;  0
05:01:51; 26.20; 42.00;  0
05:02:52; 26.20; 42.00;  0
05:03:53; 26.20; 42.00;  0
05:04:54; 26.20; 42.00;  0
05:05:55; 26.20; 42.00;  0
05:06:56; 26.20; 42.00;  0
05:07:57; 26.20; 42.00;  0
05:08:57; 26.20; 42.00;  0
05:09:58; 26.20; 42.00;  0
05:10:59; 26.20; 42.00;  0
05:12:00; 26.20; 42.00;  0
05:13:01; 26.20; 42.00;  0
05:14:02; 26.10; 42.00;  0
05:15:03; 26.10; 42.00;  0
05:16:04; 26.10; 42.00;  0
05:17:05; 26.10; 42.00;  0
05:18:06; 26.10; 42.00;  0
05:19:07; 26.10; 42.00;  0
05:20:08; 26.10; 42.00;  0
05:21:09; 26.10; 42.00;  0
05:22:10; 26.10; 42.00;  0
05:23:10; 26.10; 42.00;  0
05:24:11; 26.10; 43.00;  0
05:25:12; 26.00; 43.00;  0
05:26:13; 26.00; 43.00;  0
05:27:14; 26.00; 43.00;  0
05:28:15; 26.00; 43.00;  0
05:29:16; 25.90; 43.00;  0
05:30:17; 25.90; 43.00;  0
05:31:18; 25.90; 43.00;  0
05:32:19; 25.90; 43.00;  0
05:33:20; 25.90; 43.00;  0
05:34:21; 25.90; 43.00;  0
05:35:22; 25.90; 43.00;  0
05:36:23; 25.90; 43.00;  0
05:37:23; 26.00; 43.00;  0
05:38:24; 25.90; 43.00;  0
05:39:24; 25.90; 43.00;  0
05:40:25; 25.90; 43.00;  0
05:41:26; 25.90; 43.00;  0
05:42:27; 25.90; 43.00;  0
05:43:28; 25.90; 43.00;  0
05:44:29; 25.90; 43.00;  0
05:45:30; 25.90; 43.00;  0
05:46:31; 25.90; 43.00;  0
05:47:32; 25.90; 43.00;  0
05:48:33; 25.90; 43.00;  0
05:49:34; 25.90; 43.00;  0
05:50:35; 26.00; 43.00;  0
05:51:36; 25.90; 43.00;  0
05:52:36; 25.90; 43.00;  0
05:53:37; 26.00; 43.00;  0
05:54:37; 25.90; 43.00;  0
05:55:38; 25.90; 43.00;  0
05:56:39; 25.90; 43.00;  0
05:57:40; 25.90; 43.00;  0
05:58:41; 25.90; 43.00;  0
05:59:42; 25.80; 43.00;  0
06:00:43; 25.80; 43.00;  0
06:01:44; 25.80; 43.00;  0
06:02:45; 25.80; 43.00;  0
06:03:46; 25.80; 43.00;  0
06:04:47; 25.80; 43.00;  0
06:05:48; 25.80; 43.00;  0
06:06:49; 25.80; 43.00;  0
06:07:50; 25.70; 43.00;  0
06:08:50; 25.80; 43.00;  0
06:09:51; 25.80; 43.00;  0
06:10:52; 25.80; 43.00;  0
06:11:53; 25.70; 43.00;  0
06:12:54; 25.70; 43.00;  0
06:13:55; 25.70; 43.00;  0
06:14:56; 25.70; 43.00;  0
06:15:57; 25.70; 43.00;  0
06:16:58; 25.70; 43.00;  0
06:17:59; 25.70; 43.00;  0
06:19:00; 25.70; 43.00;  0
06:20:01; 25.70; 43.00;  0
06:21:02; 25.70; 43.00;  0
06:22:03; 25.70; 43.00;  0
06:23:03; 25.70; 43.00;  0
06:24:04; 25.70; 43.00;  0
06:25:05; 25.70; 43.00;  0
06:26:06; 25.70; 43.00;  0
06:27:07; 25.60; 43.00;  0
06:28:08; 25.60; 43.00;  0
06:29:09; 25.60; 44.00;  0
06:30:10; 25.60; 43.00;  0
06:31:11; 25.60; 43.00;  0
06:32:12; 25.60; 43.00;  0
06:33:13; 25.60; 43.00;  0
06:34:14; 25.60; 43.00;  0
06:35:15; 25.60; 43.00;  0
06:36:16; 25.50; 44.00;  0
06:37:16; 25.60; 43.00;  0
06:38:17; 25.50; 44.00;  0
06:39:17; 25.50; 44.00;  0
06:40:18; 25.40; 44.00;  0
06:41:19; 25.40; 44.00;  0
06:42:20; 25.40; 44.00;  0
06:43:21; 25.40; 44.00;  0
06:44:22; 25.40; 44.00;  0
06:45:23; 25.40; 44.00;  0
06:46:24; 25.40; 44.00;  0
06:47:25; 25.40; 44.00;  0
06:48:26; 25.40; 44.00;  0
06:49:27; 25.40; 44.00;  0
06:50:28; 25.40; 44.00;  0
06:51:29; 25.40; 44.00;  0
06:52:29; 25.40; 44.00;  0
06:53:30; 25.40; 44.00;  0
06:54:30; 25.40; 44.00;  0
06:55:31; 25.30; 44.00;  0
06:56:32; 25.40; 44.00;  0
06:57:33; 25.30; 44.00;  0
06:58:34; 25.40; 44.00;  0
06:59:35; 25.40; 44.00;  0
07:00:36; 25.40; 44.00;  0
07:01:37; 25.30; 44.00;  0
07:02:38; 25.40; 44.00;  0
07:03:39; 25.30; 44.00;  0
07:04:40; 25.40; 44.00;  0
07:05:41; 25.30; 44.00;  0
07:06:42; 25.30; 44.00;  0
07:07:43; 25.30; 44.00;  0
07:08:43; 25.30; 44.00;  0
07:09:44; 25.30; 44.00;  0
07:10:45; 25.30; 44.00;  0
07:11:46; 25.30; 44.00;  0
07:12:47; 25.30; 44.00;  0
07:13:48; 25.30; 44.00;  0
07:14:49; 25.30; 44.00;  0
07:15:50; 25.30; 44.00;  0
07:16:51; 25.30; 44.00;  0
07:17:52; 25.30; 44.00;  0
07:18:53; 25.30; 44.00;  0
07:19:54; 25.30; 44.00;  0
07:20:55; 25.30; 44.00;  0
07:21:56; 25.30; 44.00;  0
07:22:57; 25.30; 44.00;  0
07:23:57; 25.30; 44.00;  0
07:24:58; 25.20; 43.00;  0
07:25:59; 25.20; 43.00;  0
07:27:00; 25.20; 43.00;  0
07:28:01; 25.20; 43.00;  0
07:29:02; 25.10; 43.00;  0
07:30:03; 25.10; 43.00;  0
07:31:04; 25.10; 43.00;  0
07:32:05; 25.20; 43.00;  0
07:33:06; 25.20; 43.00;  0
07:34:07; 25.20; 43.00;  0
07:35:08; 25.10; 43.00;  0
07:36:09; 25.10; 43.00;  0
07:37:09; 25.10; 43.00;  0
07:38:10; 25.10; 43.00;  0
07:39:10; 25.10; 44.00;  0
07:40:11; 25.10; 44.00;  0
07:41:12; 25.10; 43.00;  0
07:42:13; 25.10; 44.00;  0
07:43:14; 25.10; 44.00;  0
07:44:15; 25.10; 44.00;  0
07:45:16; 25.10; 43.00;  0
07:46:17; 25.10; 43.00;  0
07:47:18; 25.10; 43.00;  0
07:48:19; 25.10; 44.00;  0
07:49:20; 25.10; 43.00;  0
07:50:21; 25.10; 43.00;  0
07:51:22; 25.10; 44.00;  0
07:52:22; 25.10; 44.00;  0
07:53:23; 25.10; 44.00;  0
07:54:23; 25.10; 44.00;  0
07:55:24; 25.10; 44.00;  0
07:56:25; 25.00; 44.00;  0
07:57:26; 25.00; 44.00;  0
07:58:27; 25.00; 44.00;  0
07:59:28; 25.10; 44.00;  0
08:00:29; 25.10; 44.00;  0
08:01:29; 25.00; 44.00;  0
08:02:30; 25.00; 44.00;  0
08:03:30; 25.00; 44.00;  0
08:04:31; 25.00; 44.00;  0
08:05:31; 25.00; 44.00;  0
08:06:32; 24.90; 44.00;  0
08:07:32; 24.90; 44.00;  0
08:08:33; 24.90; 44.00;  0
08:09:33; 24.90; 44.00;  0
08:10:34; 24.90; 44.00;  0
08:11:34; 24.80; 44.00;  0
08:12:35; 24.90; 44.00;  0
08:13:35; 24.90; 45.00;  0
08:14:36; 24.90; 45.00;  0
08:15:36; 24.90; 44.00;  0
08:16:36; 25.00; 44.00;  0
08:17:37; 25.00; 44.00;  0
08:18:37; 24.90; 44.00;  0
08:19:38; 24.90; 44.00;  0
08:20:38; 25.00; 44.00;  0
08:21:39; 24.90; 45.00;  0
08:22:39; 24.90; 45.00;  0
08:23:40; 24.90; 45.00;  0
08:24:40; 24.90; 45.00;  0
08:25:41; 25.00; 44.00;  0
08:26:41; 25.00; 44.00;  0
08:27:42; 25.00; 44.00;  0
08:28:42; 25.00; 44.00;  0
08:29:43; 24.90; 44.00;  0
08:30:43; 24.90; 45.00;  0
08:31:43; 24.80; 45.00;  0
08:32:44; 24.80; 45.00;  0
08:33:44; 24.80; 45.00;  0
08:34:45; 24.90; 45.00;  0
08:35:45; 24.90; 45.00;  0
08:36:46; 24.90; 45.00;  0
08:37:46; 24.90; 45.00;  0
08:38:47; 24.90; 45.00;  0
08:39:47; 25.00; 44.00;  0
08:40:48; 24.90; 44.00;  0
08:41:48; 25.00; 44.00;  0
08:42:49; 24.90; 44.00;  0
08:43:49; 25.00; 44.00;  0
08:44:50; 25.00; 44.00;  0
08:45:50; 25.00; 44.00;  0
08:46:50; 24.90; 44.00;  0
08:47:51; 24.90; 45.00;  0
08:48:51; 24.90; 45.00;  0
08:49:52; 24.80; 45.00;  0
08:50:52; 24.80; 45.00;  0
08:51:53; 24.80; 45.00;  0
08:52:53; 24.80; 45.00;  0
08:53:54; 24.80; 45.00;  0
08:54:54; 24.80; 45.00;  0
08:55:55; 24.80; 45.00;  0
08:56:55; 24.80; 45.00;  0
08:57:56; 24.80; 45.00;  0
08:58:56; 24.80; 45.00;  0
08:59:57; 24.80; 45.00;  0
09:00:57; 24.80; 45.00;  0
09:01:57; 24.80; 45.00;  0
09:02:58; 24.80; 45.00;  0
09:03:58; 24.80; 45.00;  0
09:04:59; 24.80; 45.00;  0
09:05:59; 24.80; 45.00;  0
09:07:00; 24.80; 45.00;  0
09:08:01; 24.80; 45.00;  0
09:09:01; 24.80; 45.00;  0
09:10:02; 24.80; 46.00;  0
09:11:02; 24.80; 46.00;  0
09:12:03; 24.80; 45.00;  0
09:13:03; 24.80; 45.00;  0
09:14:04; 24.90; 45.00;  0
09:15:04; 24.90; 45.00;  0
09:16:04; 24.90; 45.00;  0
09:17:05; 24.90; 45.00;  0
09:18:05; 24.90; 45.00;  0
09:19:06; 24.90; 46.00;  0
09:20:06; 24.90; 46.00;  0
09:21:07; 25.00; 46.00;  0
09:22:07; 25.00; 45.00;  0
09:23:08; 25.00; 45.00;  0
09:24:08; 25.00; 45.00;  0
09:25:09; 25.00; 45.00;  0
09:26:09; 25.00; 45.00;  0
09:27:10; 25.00; 45.00;  0
09:28:10; 25.00; 45.00;  0
09:29:11; 25.00; 45.00;  0
09:30:11; 25.00; 45.00;  0
09:31:11; 25.00; 45.00;  0
09:32:12; 25.00; 45.00;  0
09:33:12; 25.00; 45.00;  0
09:34:13; 25.00; 45.00;  0
09:35:13; 25.00; 45.00;  0
09:36:14; 25.10; 45.00;  0
09:37:14; 25.10; 45.00;  0
09:38:15; 25.10; 45.00;  0
09:39:15; 25.10; 45.00;  0
09:40:16; 25.10; 45.00;  0
09:41:16; 25.10; 45.00;  0
09:42:17; 25.10; 45.00;  0
09:43:17; 25.10; 45.00;  0
09:44:18; 25.10; 45.00;  0
09:45:18; 25.10; 45.00;  0
09:46:18; 25.10; 45.00;  0
09:47:19; 25.10; 45.00;  0
09:48:19; 25.10; 45.00;  0
09:49:20; 25.10; 45.00;  0
09:50:20; 25.10; 45.00;  0
09:51:21; 25.20; 45.00;  0
09:52:21; 25.20; 45.00;  0
09:53:22; 25.20; 45.00;  0
09:54:22; 25.20; 45.00;  0
09:55:23; 25.20; 45.00;  0
09:56:23; 25.20; 45.00;  0
09:57:24; 25.30; 46.00;  0
09:58:24; 25.30; 46.00;  0
09:59:25; 25.30; 46.00;  0
10:00:25; 25.30; 46.00;  0
10:01:25; 25.20; 45.00;  0
10:02:26; 25.20; 45.00;  0
10:03:26; 25.20; 45.00;  0
10:04:27; 25.20; 45.00;  0
10:05:27; 25.30; 46.00;  0
10:06:28; 25.30; 46.00;  0
10:07:28; 25.30; 46.00;  0
10:08:29; 25.30; 46.00;  0
10:09:29; 25.30; 46.00;  0
10:10:30; 25.40; 46.00;  0
10:11:30; 25.40; 46.00;  0
10:12:31; 25.40; 46.00;  0
10:13:31; 25.40; 46.00;  0
10:14:32; 25.40; 46.00;  0
10:15:32; 25.50; 46.00;  0
10:16:32; 25.40; 46.00;  0
10:17:33; 25.50; 46.00;  0
10:18:33; 25.50; 45.00;  0
10:19:34; 25.60; 45.00;  0
10:20:34; 25.60; 45.00;  0
10:21:35; 25.60; 46.00;  0
10:22:35; 25.60; 46.00;  0
10:23:36; 25.50; 46.00;  0
10:24:36; 25.50; 45.00;  0
10:25:37; 25.60; 45.00;  0
10:26:37; 25.60; 45.00;  0
10:27:38; 25.60; 45.00;  0
10:28:38; 25.60; 45.00;  0
10:29:39; 25.60; 45.00;  0
10:30:39; 25.60; 45.00;  0
10:31:39; 25.60; 45.00;  0
10:32:40; 25.60; 45.00;  0
10:33:40; 25.60; 45.00;  0
10:34:41; 25.70; 44.00;  0
10:35:41; 25.70; 44.00;  0
10:36:42; 25.70; 44.00;  0
10:37:42; 25.70; 44.00;  0
10:38:43; 25.70; 44.00;  0
10:39:43; 25.80; 44.00;  0
10:40:44; 25.80; 44.00;  0
10:41:44; 25.80; 44.00;  0
10:42:45; 25.80; 44.00;  0
10:43:45; 25.80; 44.00;  0
10:44:46; 25.80; 44.00;  0
10:45:46; 25.90; 44.00;  0
10:46:46; 25.90; 44.00;  0
10:47:47; 25.90; 44.00;  0
10:48:47; 25.90; 44.00;  0
10:49:48; 25.90; 44.00;  0
10:50:48; 26.00; 44.00;  0
10:51:49; 26.00; 44.00;  0
10:52:49; 26.00; 44.00;  0
10:53:50; 26.00; 44.00;  0
10:54:50; 26.00; 44.00;  0
10:55:51; 26.10; 44.00;  0
10:56:51; 26.10; 44.00;  0
10:57:52; 26.10; 44.00;  0
10:58:52; 26.10; 43.00;  0
10:59:53; 26.10; 44.00;  0
11:00:53; 26.10; 44.00;  0
11:01:53; 26.10; 44.00;  0
11:02:54; 26.10; 44.00;  0
11:03:54; 26.10; 44.00;  0
11:04:55; 26.10; 44.00;  0
11:05:55; 26.10; 44.00;  0
11:06:56; 26.10; 43.00;  0
11:07:56; 26.20; 43.00;  0
11:08:57; 26.20; 43.00;  0
11:09:57; 26.20; 43.00;  0
11:10:58; 26.20; 43.00;  0
11:11:58; 26.20; 43.00;  0
11:12:59; 26.20; 43.00;  0
11:13:59; 26.20; 43.00;  0
11:15:00; 26.30; 43.00;  0
11:16:00; 26.30; 43.00;  0
11:17:01; 26.30; 43.00;  0
11:18:01; 26.30; 43.00;  0
11:19:02; 26.30; 43.00;  0
11:20:02; 26.30; 42.00;  0
11:21:03; 26.30; 42.00;  0
11:22:03; 26.30; 42.00;  0
11:23:04; 26.30; 42.00;  0
11:24:04; 26.30; 42.00;  0
11:25:05; 26.30; 43.00;  0
11:26:05; 26.30; 43.00;  0
11:27:06; 26.30; 43.00;  0
11:28:06; 26.30; 43.00;  0
11:29:07; 26.30; 42.00;  0
11:30:07; 26.30; 42.00;  0
11:31:07; 26.30; 43.00;  0
11:32:08; 26.30; 42.00;  0
11:33:08; 26.30; 43.00;  0
11:34:09; 26.20; 43.00;  0
11:35:09; 26.20; 43.00;  0
11:36:10; 26.20; 43.00;  0
11:37:10; 26.20; 43.00;  0
11:38:11; 26.20; 43.00;  0
11:39:11; 26.30; 42.00;  0
11:40:12; 26.30; 42.00;  0
11:41:12; 26.30; 42.00;  0
11:42:13; 26.30; 42.00;  0
11:43:13; 26.40; 42.00;  0
11:44:14; 26.30; 42.00;  0
11:45:14; 26.40; 42.00;  0
11:46:14; 26.40; 42.00;  0
11:47:15; 26.40; 42.00;  0
11:48:15; 26.60; 42.00;  0
11:49:16; 26.60; 41.00;  0
11:50:16; 26.60; 41.00;  0
11:51:17; 26.70; 41.00;  0
11:52:17; 26.70; 41.00;  0
11:53:18; 26.70; 41.00;  0
11:54:18; 26.70; 41.00;  0
11:55:19; 26.70; 41.00;  0
11:56:19; 26.70; 41.00;  0
11:57:20; 26.70; 41.00;  0
11:58:20; 26.80; 41.00;  0
11:59:21; 26.80; 41.00;  0
12:00:21; 26.80; 41.00;  0
12:01:21; 26.80; 41.00;  0
12:02:22; 26.80; 41.00;  0
12:03:22; 26.80; 41.00;  0
12:04:23; 26.90; 41.00;  0
12:05:23; 26.80; 41.00;  0
12:06:24; 26.80; 41.00;  0
12:07:24; 26.80; 41.00;  0
12:08:25; 26.80; 41.00;  0
12:09:25; 26.80; 41.00;  0
12:10:26; 26.80; 41.00;  0
12:11:26; 26.90; 41.00;  0
12:12:27; 26.80; 41.00;  0
12:13:27; 26.80; 41.00;  0
12:14:28; 26.80; 41.00;  0
12:15:28; 26.80; 41.00;  0
12:16:28; 26.80; 41.00;  0
12:17:29; 26.90; 41.00;  0
12:18:29; 27.00; 41.00;  0
12:19:30; 27.00; 40.00;  0
12:20:30; 27.00; 40.00;  0
12:21:31; 27.00; 40.00;  0
12:22:31; 27.00; 40.00;  0
12:23:32; 27.00; 41.00;  0
12:24:32; 27.00; 41.00;  0
12:25:33; 27.00; 41.00;  0
12:26:33; 27.00; 40.00;  0
12:27:34; 27.10; 40.00;  0
12:28:34; 27.10; 40.00;  0
12:29:35; 27.20; 40.00;  0
12:30:35; 27.20; 40.00;  0
12:31:35; 27.20; 40.00;  0
12:32:36; 27.20; 40.00;  0
12:33:36; 27.30; 41.00;  0
12:34:37; 27.20; 40.00;  0
12:35:37; 27.10; 40.00;  0
12:36:38; 27.20; 40.00;  0
12:37:38; 27.20; 40.00;  0
12:38:39; 27.20; 40.00;  0
12:39:39; 27.20; 40.00;  0
12:40:40; 27.10; 40.00;  0
12:41:40; 27.30; 41.00;  0
12:42:41; 27.30; 41.00;  0
12:43:41; 27.20; 40.00;  0
12:44:42; 27.30; 41.00;  0
12:45:42; 27.20; 40.00;  0
12:46:42; 27.20; 40.00;  0
12:47:43; 27.10; 40.00;  0
12:48:43; 27.20; 40.00;  0
12:49:44; 27.20; 40.00;  0
12:50:44; 27.30; 41.00;  0
12:51:45; 27.30; 41.00;  0
12:52:45; 27.40; 40.00;  0
12:53:46; 27.40; 40.00;  0
12:54:46; 27.40; 40.00;  0
12:55:47; 27.40; 40.00;  0
12:56:47; 27.50; 40.00;  0
12:57:48; 27.60; 40.00;  0
12:58:48; 27.60; 40.00;  0
12:59:49; 27.60; 40.00;  0
13:00:49; 27.60; 40.00;  0
13:01:49; 27.60; 40.00;  0
13:02:50; 27.60; 40.00;  0
13:03:50; 27.60; 40.00;  0
13:04:51; 27.60; 40.00;  0
13:05:51; 27.60; 40.00;  0
13:06:52; 27.60; 40.00;  0
13:07:52; 27.60; 40.00;  0
13:08:53; 27.50; 40.00;  0
13:09:53; 27.50; 40.00;  0
13:10:54; 27.50; 40.00;  0
13:11:54; 27.50; 40.00;  0
13:12:55; 27.60; 40.00;  0
13:13:55; 27.60; 40.00;  0
13:14:56; 27.60; 40.00;  0
13:15:56; 27.60; 40.00;  0
13:16:56; 27.60; 40.00;  0
13:17:57; 27.70; 40.00;  0
13:18:57; 27.70; 40.00;  0
13:19:58; 27.70; 40.00;  0
13:20:58; 27.70; 40.00;  0
13:21:59; 27.60; 40.00;  0
13:22:59; 27.70; 40.00;  0
13:24:00; 27.70; 39.00;  0
13:25:01; 27.70; 39.00;  0
13:26:01; 27.70; 39.00;  0
13:27:02; 27.70; 40.00;  0
13:28:02; 27.70; 39.00;  0
13:29:03; 27.80; 39.00;  0
13:30:03; 27.80; 39.00;  0
13:31:03; 27.80; 39.00;  0
13:32:04; 27.80; 39.00;  0
13:33:04; 27.80; 39.00;  0
13:34:05; 27.80; 39.00;  0
13:35:05; 27.80; 39.00;  0
13:36:06; 27.80; 39.00;  0
13:37:06; 27.90; 39.00;  0
13:38:07; 27.90; 39.00;  0
13:39:07; 27.90; 39.00;  0
13:40:08; 27.90; 39.00;  0
13:41:08; 27.90; 39.00;  0
13:42:09; 27.90; 39.00;  0
13:43:09; 27.90; 39.00;  0
13:44:10; 27.90; 40.00;  0
13:45:10; 27.90; 39.00;  0
13:46:10; 27.90; 39.00;  0
13:47:11; 28.00; 39.00;  0
13:48:11; 28.00; 40.00;  0
13:49:12; 28.00; 40.00;  0
13:50:12; 27.90; 40.00;  0
13:51:13; 27.90; 40.00;  0
13:52:13; 27.90; 40.00;  0
13:53:14; 27.90; 40.00;  0
13:54:14; 27.90; 41.00;  0
13:55:15; 27.90; 40.00;  0
13:56:15; 27.90; 40.00;  0
13:57:16; 27.90; 40.00;  0
14:07:12; 28.10; 40.00;  1
14:08:13; 28.20; 40.00;  1
14:09:13; 28.20; 40.00;  1
14:10:14; 28.20; 40.00;  1
14:11:14; 28.30; 41.00;  1
14:12:15; 28.20; 39.00;  1
14:13:15; 28.20; 40.00;  1
14:14:16; 28.30; 40.00;  1
14:15:16; 28.30; 41.00;  1
14:16:16; 28.30; 41.00;  1
14:17:17; 28.30; 40.00;  1
14:18:17; 28.30; 41.00;  1
14:19:18; 28.30; 40.00;  1
14:20:18; 28.30; 40.00;  1
14:21:19; 28.30; 40.00;  1
14:22:19; 28.40; 40.00;  1
14:23:20; 28.40; 40.00;  1
14:24:20; 28.40; 40.00;  1
14:25:21; 28.40; 40.00;  1
14:26:21; 28.40; 40.00;  1
14:27:22; 28.30; 40.00;  1
14:28:22; 28.30; 40.00;  1
14:29:23; 28.30; 40.00;  1
14:30:23; 28.30; 40.00;  1
14:31:23; 28.30; 40.00;  1
14:32:24; 28.40; 40.00;  1
14:33:24; 28.40; 40.00;  1
14:34:25; 28.40; 40.00;  1
14:35:25; 28.40; 40.00;  1
14:36:26; 28.30; 40.00;  1
14:37:26; 28.30; 40.00;  1
14:38:27; 28.40; 40.00;  1
14:39:27; 28.40; 40.00;  1
14:40:28; 28.50; 40.00;  1
14:41:28; 28.50; 40.00;  1
14:42:29; 28.60; 40.00;  1
14:43:29; 28.60; 40.00;  1
14:44:30; 28.70; 39.00;  1
14:45:30; 28.70; 39.00;  1
14:46:30; 28.70; 39.00;  1
14:47:31; 28.80; 39.00;  1
14:48:31; 28.80; 39.00;  1
14:49:32; 28.80; 39.00;  1
14:50:32; 28.80; 39.00;  1
14:51:33; 28.80; 39.00;  1
14:52:33; 28.70; 39.00;  1
14:53:34; 28.70; 39.00;  1
14:54:34; 28.60; 39.00;  1
14:55:35; 28.60; 39.00;  1
14:56:35; 28.60; 39.00;  1
14:57:36; 28.60; 39.00;  1
14:58:36; 28.70; 39.00;  1
14:59:37; 28.80; 39.00;  1
15:00:37; 28.80; 39.00;  1
15:01:37; 28.80; 39.00;  1
15:02:38; 28.80; 39.00;  1
15:03:38; 28.80; 39.00;  1
15:04:39; 28.80; 39.00;  1
15:05:39; 28.90; 39.00;  1
15:06:40; 28.90; 39.00;  1
15:07:40; 28.90; 38.00;  1
15:08:41; 29.00; 38.00;  1
15:09:41; 29.00; 38.00;  1
15:10:42; 29.00; 38.00;  1
15:11:42; 28.90; 38.00;  1
15:12:43; 28.90; 38.00;  1
15:13:43; 29.00; 38.00;  1
15:14:44; 29.00; 38.00;  1
15:15:44; 29.00; 38.00;  1
15:16:44; 28.90; 38.00;  1
15:17:45; 28.90; 38.00;  1
15:18:45; 29.00; 38.00;  1
15:19:46; 29.00; 38.00;  1
15:20:46; 29.10; 38.00;  1
15:21:47; 29.10; 38.00;  1
15:22:47; 29.10; 38.00;  1
15:23:48; 29.10; 38.00;  1
15:24:48; 29.10; 38.00;  1
15:25:49; 29.10; 38.00;  1
15:26:49; 29.10; 38.00;  1
15:27:50; 29.10; 38.00;  1
15:28:50; 29.10; 38.00;  1
15:29:51; 29.10; 39.00;  1
15:30:51; 29.10; 39.00;  1
15:31:51; 29.10; 39.00;  1
15:32:52; 29.20; 39.00;  1
15:33:52; 29.20; 40.00;  1
15:34:53; 29.20; 39.00;  1
15:35:53; 29.10; 39.00;  1
15:36:54; 29.20; 39.00;  1
15:37:54; 29.30; 39.00;  1
15:38:55; 29.30; 39.00;  1
15:39:55; 29.30; 38.00;  1
15:40:56; 29.30; 39.00;  1
15:41:56; 29.30; 38.00;  1
15:42:57; 29.30; 39.00;  1
15:43:57; 29.20; 38.00;  1
15:44:58; 29.30; 39.00;  1
15:45:58; 29.30; 39.00;  1
15:46:58; 29.30; 38.00;  1
15:47:59; 29.30; 39.00;  1
15:48:59; 29.30; 38.00;  1
15:50:00; 29.30; 39.00;  1
15:51:01; 29.30; 39.00;  1
15:52:01; 29.40; 38.00;  1
15:53:02; 29.30; 38.00;  1
15:54:02; 29.40; 39.00;  1
15:55:03; 29.30; 39.00;  1
15:56:03; 29.30; 39.00;  1
15:57:04; 29.40; 39.00;  1
15:58:04; 29.50; 39.00;  1
15:59:05; 29.50; 39.00;  1
16:00:05; 29.40; 39.00;  1
16:01:06; 29.50; 38.00;  1
16:02:06; 29.60; 38.00;  1
16:03:07; 29.60; 38.00;  1
16:04:08; 29.60; 38.00;  1
16:05:09; 29.60; 38.00;  1
16:06:09; 29.60; 38.00;  1
16:07:10; 29.60; 38.00;  1
16:08:11; 29.60; 38.00;  1
16:09:12; 29.60; 38.00;  1
16:10:12; 29.60; 39.00;  1
16:11:13; 29.60; 38.00;  1
16:12:14; 29.60; 38.00;  1
16:13:15; 29.60; 39.00;  1
16:14:15; 29.60; 38.00;  1
16:15:16; 29.60; 38.00;  1
16:16:17; 29.60; 38.00;  1
16:17:17; 29.60; 38.00;  1
16:18:18; 29.60; 38.00;  1
16:19:19; 29.60; 38.00;  1
16:20:20; 29.60; 38.00;  1
16:21:20; 29.60; 38.00;  1
16:22:21; 29.60; 38.00;  1
16:23:22; 29.60; 38.00;  1
16:24:23; 29.60; 38.00;  1
16:25:23; 29.60; 38.00;  1
16:26:24; 29.60; 38.00;  1
16:27:25; 29.60; 38.00;  1
16:28:26; 29.60; 38.00;  1
16:29:26; 29.60; 38.00;  1
16:30:27; 29.60; 38.00;  1
16:31:28; 29.60; 38.00;  1
16:32:28; 29.60; 38.00;  1
16:33:29; 29.50; 37.00;  1
16:34:30; 29.60; 38.00;  1
16:35:31; 29.60; 38.00;  1
16:36:31; 29.60; 38.00;  1
16:37:32; 29.60; 38.00;  1
16:38:33; 29.60; 38.00;  1
16:39:34; 29.60; 37.00;  1
16:40:34; 29.60; 38.00;  1
16:41:35; 29.60; 38.00;  1
16:42:36; 29.60; 39.00;  1
16:43:37; 29.60; 38.00;  1
16:44:37; 29.70; 38.00;  1
16:45:38; 29.60; 38.00;  1
16:46:39; 29.60; 38.00;  1
16:47:39; 29.70; 38.00;  1
16:48:40; 29.60; 38.00;  1
16:49:41; 29.60; 39.00;  1
16:50:42; 29.60; 38.00;  1
16:51:42; 29.60; 38.00;  1
16:52:43; 29.70; 39.00;  1
16:53:44; 29.70; 37.00;  1
16:54:45; 29.70; 37.00;  1
16:55:45; 29.70; 37.00;  1
16:56:46; 29.80; 37.00;  1
16:57:47; 29.70; 37.00;  1
16:58:48; 29.70; 37.00;  1
16:59:48; 29.80; 37.00;  1
17:00:49; 29.80; 37.00;  1
17:01:50; 29.80; 37.00;  1
17:02:50; 29.80; 37.00;  1
17:03:51; 29.80; 37.00;  1
17:04:52; 29.80; 37.00;  1
17:05:53; 29.80; 37.00;  1
17:06:53; 29.80; 37.00;  1
17:07:54; 29.80; 38.00;  1
17:08:55; 29.80; 37.00;  1
17:09:56; 29.80; 37.00;  1
17:10:56; 29.80; 37.00;  1
17:11:57; 29.80; 37.00;  1
17:12:58; 29.80; 37.00;  1
17:13:59; 29.80; 37.00;  1
17:14:59; 29.80; 37.00;  1
17:16:00; 29.80; 37.00;  1
17:17:00; 29.80; 37.00;  1
17:18:01; 29.80; 37.00;  1
17:19:02; 29.80; 37.00;  1
17:20:03; 29.80; 37.00;  1
17:21:03; 29.80; 37.00;  1
17:22:04; 29.80; 37.00;  1
17:23:05; 29.80; 37.00;  1
17:24:06; 29.80; 37.00;  1
17:25:06; 29.80; 36.00;  1
17:26:07; 29.80; 37.00;  1
17:27:08; 29.80; 36.00;  1
17:28:09; 29.80; 36.00;  1
17:29:09; 29.80; 36.00;  1
17:30:10; 29.80; 36.00;  1
17:31:11; 29.80; 36.00;  1
17:32:11; 29.80; 37.00;  1
17:33:12; 29.80; 37.00;  1
17:34:13; 29.80; 36.00;  1
17:35:14; 29.80; 36.00;  1
17:36:14; 29.80; 37.00;  1
17:37:15; 29.80; 36.00;  1
17:38:16; 29.80; 36.00;  1
17:39:17; 29.80; 37.00;  1
17:40:17; 29.80; 37.00;  1
17:41:18; 29.80; 37.00;  1
17:42:19; 29.80; 37.00;  1
17:43:20; 29.80; 37.00;  1
17:44:20; 29.80; 37.00;  1
17:45:21; 29.80; 36.00;  1
17:46:22; 29.80; 36.00;  1
17:47:22; 29.80; 37.00;  1
17:48:23; 29.80; 37.00;  1
17:49:24; 29.80; 37.00;  1
17:50:25; 29.80; 37.00;  1
17:51:25; 29.80; 37.00;  1
17:52:26; 29.80; 38.00;  1
17:53:27; 29.80; 37.00;  1
17:54:28; 29.80; 38.00;  1
17:55:28; 29.80; 37.00;  1
17:56:29; 29.80; 38.00;  1
17:57:30; 29.80; 38.00;  1
17:58:31; 29.80; 39.00;  1
17:59:31; 29.80; 38.00;  1
18:00:32; 29.80; 38.00;  1
18:01:33; 29.80; 37.00;  1
18:02:33; 29.80; 38.00;  1
18:03:34; 29.80; 37.00;  1
18:04:35; 29.80; 38.00;  1
18:05:36; 29.80; 37.00;  1
18:06:36; 29.80; 39.00;  1
18:07:37; 29.80; 39.00;  1
18:08:38; 29.80; 39.00;  1
18:09:39; 29.80; 38.00;  1
18:10:39; 29.80; 40.00;  1
18:11:40; 29.80; 39.00;  1
18:12:41; 29.80; 39.00;  1
18:13:42; 29.80; 41.00;  1
18:14:42; 29.80; 40.00;  1
18:15:43; 29.70; 38.00;  1
18:16:44; 29.80; 38.00;  1
18:17:44; 29.80; 38.00;  1
18:18:45; 29.80; 38.00;  1
18:19:46; 29.80; 39.00;  1
18:20:47; 29.80; 37.00;  1
18:21:47; 29.80; 38.00;  1
18:22:48; 29.80; 37.00;  1
18:23:49; 29.80; 37.00;  1
18:24:50; 29.80; 38.00;  1
18:25:50; 29.80; 38.00;  1
18:26:51; 29.80; 38.00;  1
18:27:52; 29.80; 38.00;  1
18:28:53; 29.80; 38.00;  1
18:29:53; 29.80; 38.00;  1
18:30:54; 29.80; 37.00;  1
18:31:55; 29.80; 37.00;  1
18:32:55; 29.80; 38.00;  1
18:33:56; 29.80; 37.00;  1
18:34:57; 29.80; 38.00;  1
18:35:58; 29.80; 38.00;  1
18:36:58; 29.80; 39.00;  1
18:37:59; 29.80; 39.00;  1
18:39:00; 29.70; 38.00;  1
18:40:00; 29.70; 40.00;  1
18:41:01; 29.70; 38.00;  1
18:42:02; 29.70; 38.00;  1
18:43:03; 29.70; 41.00;  1
18:44:03; 29.60; 39.00;  1
18:45:04; 29.60; 39.00;  1
18:46:05; 29.70; 38.00;  1
18:47:05; 29.70; 40.00;  1
18:48:06; 29.70; 41.00;  1
18:49:07; 29.70; 39.00;  1
18:50:08; 29.70; 38.00;  1
18:51:08; 29.70; 37.00;  1
18:52:09; 29.70; 39.00;  1
18:53:10; 29.70; 38.00;  1
18:54:11; 29.70; 38.00;  1
18:55:11; 29.80; 37.00;  1
18:56:12; 29.80; 37.00;  1
18:57:13; 29.80; 39.00;  1
18:58:14; 29.80; 37.00;  1
18:59:14; 29.80; 38.00;  1
19:00:15; 29.80; 37.00;  1
19:01:16; 29.80; 37.00;  1
19:02:16; 29.80; 37.00;  1
19:03:17; 29.80; 37.00;  1
19:04:18; 29.80; 37.00;  1
19:05:19; 29.80; 37.00;  1
19:06:19; 29.80; 37.00;  1
19:07:20; 29.80; 37.00;  1
19:08:21; 29.80; 37.00;  1
19:09:22; 29.80; 37.00;  1
19:10:22; 29.80; 37.00;  1
19:11:23; 29.80; 37.00;  1
19:12:24; 29.80; 37.00;  1
19:13:25; 29.80; 37.00;  1
19:14:25; 29.80; 37.00;  1
19:15:26; 29.80; 38.00;  1
19:16:27; 29.80; 37.00;  1
19:17:27; 29.80; 37.00;  1
19:18:28; 29.80; 38.00;  1
19:19:29; 29.80; 37.00;  1
19:20:30; 29.80; 37.00;  1
19:21:30; 29.80; 38.00;  1
19:22:31; 29.80; 37.00;  1
19:23:32; 29.80; 38.00;  1
19:24:33; 29.80; 37.00;  1
19:25:33; 29.80; 38.00;  1
19:26:34; 29.80; 38.00;  1
19:27:35; 29.80; 37.00;  1
19:28:36; 29.80; 37.00;  1
19:29:36; 29.80; 38.00;  1
19:30:37; 29.80; 38.00;  1
19:31:38; 29.80; 38.00;  1
19:32:38; 29.80; 37.00;  1
19:33:39; 29.80; 37.00;  1
19:34:40; 29.80; 37.00;  1
19:35:41; 29.70; 37.00;  1
19:36:41; 29.70; 38.00;  1
19:37:42; 29.70; 38.00;  1
19:38:43; 29.60; 42.00;  1
19:39:44; 29.60; 41.00;  1
19:40:44; 29.50; 38.00;  1
19:41:45; 29.30; 39.00;  1
19:42:46; 29.10; 40.00;  1
19:43:47; 28.90; 40.00;  1
19:44:47; 28.80; 41.00;  1
19:45:48; 28.70; 41.00;  1
19:46:49; 28.60; 42.00;  1
19:47:49; 28.40; 42.00;  1
19:48:50; 28.60; 42.00;  1
19:49:51; 28.60; 41.00;  1
19:50:52; 28.80; 41.00;  1
19:51:52; 28.80; 41.00;  1
19:52:53; 28.80; 40.00;  1
19:53:54; 28.90; 40.00;  1
19:54:55; 28.90; 40.00;  1
19:55:55; 28.90; 40.00;  1
19:56:56; 28.90; 40.00;  1
19:57:57; 28.90; 39.00;  1
19:58:58; 28.90; 39.00;  1
19:59:58; 29.00; 39.00;  1
20:00:59; 29.10; 39.00;  1
20:02:00; 29.10; 39.00;  1
20:03:01; 29.10; 39.00;  1
20:04:02; 29.10; 39.00;  1
20:05:03; 29.10; 39.00;  1
20:06:03; 29.10; 39.00;  1
20:07:04; 29.10; 39.00;  1
20:08:05; 29.10; 39.00;  1
20:09:06; 29.10; 39.00;  1
20:10:06; 29.10; 39.00;  1
20:11:07; 29.10; 39.00;  1
20:12:08; 29.00; 39.00;  1
20:13:09; 29.00; 38.00;  1
20:14:09; 29.00; 38.00;  1
20:15:10; 29.00; 38.00;  1
20:16:11; 28.90; 38.00;  1
20:17:11; 28.90; 39.00;  1
20:18:12; 28.90; 39.00;  1
20:19:13; 29.00; 39.00;  1
20:20:14; 29.00; 39.00;  1
20:21:14; 29.00; 38.00;  1
20:22:15; 29.00; 38.00;  1
20:23:16; 29.00; 38.00;  1
20:24:17; 29.10; 38.00;  1
20:25:17; 29.00; 38.00;  1
20:26:18; 29.00; 38.00;  1
20:27:19; 29.00; 38.00;  1
20:28:20; 29.00; 38.00;  1
20:29:20; 29.00; 38.00;  1
20:30:21; 28.90; 38.00;  1
20:31:22; 28.90; 38.00;  1
20:32:22; 29.00; 38.00;  1
20:33:23; 29.00; 38.00;  1
20:34:24; 29.00; 38.00;  1
20:35:25; 28.90; 38.00;  1
20:36:25; 28.90; 38.00;  1
20:37:26; 28.90; 38.00;  1
20:38:27; 28.90; 39.00;  1
20:39:28; 28.80; 38.00;  1
20:40:28; 28.80; 38.00;  1
20:41:29; 28.90; 38.00;  1
20:42:30; 28.90; 38.00;  1
20:43:31; 28.90; 38.00;  1
20:44:31; 28.90; 37.00;  1
20:45:32; 28.80; 38.00;  1
20:46:33; 28.80; 37.00;  1
20:47:33; 28.80; 37.00;  1
20:48:34; 28.80; 38.00;  1
20:49:35; 28.80; 37.00;  1
20:50:36; 28.80; 38.00;  1
20:51:36; 28.80; 38.00;  1
20:52:37; 28.90; 37.00;  1
20:53:38; 28.90; 37.00;  1
20:54:39; 29.10; 38.00;  1
20:55:39; 29.00; 37.00;  1
20:56:40; 29.00; 38.00;  1
20:57:41; 28.90; 37.00;  1
20:58:42; 28.90; 37.00;  1
20:59:42; 28.80; 37.00;  1
21:00:43; 28.80; 37.00;  1
21:01:44; 28.80; 37.00;  1
21:02:44; 28.80; 37.00;  1
21:03:45; 28.80; 37.00;  1
21:04:46; 28.80; 37.00;  1
21:05:47; 28.80; 37.00;  1
21:06:47; 28.80; 37.00;  1
21:07:48; 28.80; 37.00;  1
21:08:49; 28.80; 37.00;  1
21:09:50; 28.80; 37.00;  1
21:10:50; 28.80; 37.00;  1
21:11:51; 28.70; 38.00;  1
21:12:52; 28.80; 39.00;  1
21:13:53; 28.80; 38.00;  1
21:14:53; 28.80; 38.00;  1
21:15:54; 28.80; 38.00;  1
21:16:55; 28.80; 38.00;  1
21:17:55; 28.80; 37.00;  1
21:18:56; 28.80; 37.00;  1
21:19:57; 28.80; 37.00;  1
21:20:58; 28.80; 37.00;  1
21:21:58; 28.80; 37.00;  1
21:22:59; 28.80; 37.00;  1
21:24:00; 28.80; 37.00;  1
21:25:00; 28.70; 38.00;  1
21:26:01; 28.80; 37.00;  1
21:27:02; 28.80; 37.00;  1
21:28:04; 28.70; 38.00;  1
21:29:04; 28.70; 37.00;  1
21:30:05; 28.70; 37.00;  1
21:31:06; 28.70; 37.00;  1
21:32:06; 28.70; 37.00;  1
21:33:07; 28.70; 37.00;  1
21:34:08; 28.70; 37.00;  1
21:35:09; 28.70; 37.00;  1
21:36:09; 28.60; 37.00;  1
21:37:10; 28.60; 38.00;  1
21:38:11; 28.60; 37.00;  1
21:39:12; 28.60; 37.00;  1
21:40:12; 28.60; 37.00;  1
21:41:13; 28.60; 37.00;  1
21:42:14; 28.60; 38.00;  1
21:43:15; 28.60; 38.00;  1
21:44:15; 28.60; 37.00;  1
21:45:16; 28.60; 38.00;  1
21:46:17; 28.60; 38.00;  1
21:47:17; 28.60; 38.00;  1
21:48:18; 28.60; 38.00;  1
21:49:19; 28.60; 38.00;  1
21:50:20; 28.60; 37.00;  1
21:51:20; 28.60; 38.00;  1
21:52:21; 28.60; 37.00;  1
21:53:22; 28.60; 38.00;  1
21:54:23; 28.60; 38.00;  1
21:55:23; 28.50; 38.00;  1
21:56:24; 28.50; 38.00;  1
21:57:25; 28.50; 38.00;  1
21:58:26; 28.50; 38.00;  1
21:59:26; 28.50; 38.00;  1
22:00:27; 28.40; 38.00;  1
22:01:28; 28.40; 37.00;  1
22:02:28; 28.50; 37.00;  1
22:03:29; 28.50; 37.00;  1
22:04:30; 28.50; 37.00;  1
22:05:31; 28.50; 37.00;  1
22:06:31; 28.50; 37.00;  1
22:07:32; 28.50; 37.00;  1
22:08:33; 28.50; 37.00;  1
22:09:34; 28.50; 37.00;  1
22:10:34; 28.50; 37.00;  1
22:11:35; 28.50; 37.00;  1
22:12:36; 28.40; 37.00;  1
22:13:37; 28.40; 37.00;  1
22:14:37; 28.40; 37.00;  1
22:15:38; 28.50; 37.00;  1
22:16:39; 28.50; 37.00;  1
22:17:39; 28.60; 37.00;  1
22:18:40; 28.50; 37.00;  1
22:19:41; 28.50; 37.00;  1
22:20:42; 28.50; 37.00;  1
22:21:42; 28.40; 37.00;  1
22:22:43; 28.40; 37.00;  1
22:23:44; 28.40; 37.00;  1
22:24:45; 28.40; 37.00;  1
22:25:45; 28.40; 37.00;  1
22:26:46; 28.40; 37.00;  1
22:27:47; 28.40; 37.00;  1
22:28:48; 28.40; 37.00;  1
22:29:48; 28.40; 37.00;  1
22:30:49; 28.40; 37.00;  1
22:31:50; 28.40; 37.00;  1
22:32:50; 28.40; 37.00;  1
22:33:51; 28.40; 37.00;  1
22:34:52; 28.40; 36.00;  1
22:35:53; 28.40; 36.00;  1
22:36:53; 28.40; 36.00;  1
22:37:54; 28.30; 36.00;  1
22:38:55; 28.30; 36.00;  1
22:39:56; 28.40; 36.00;  1
22:40:56; 28.40; 36.00;  1
22:41:57; 28.40; 36.00;  1
22:42:58; 28.40; 36.00;  1
22:43:59; 28.40; 36.00;  1
22:44:59; 28.40; 36.00;  1
22:46:00; 28.40; 36.00;  1
22:47:00; 28.40; 36.00;  1
22:48:01; 28.30; 36.00;  1
22:49:02; 28.30; 36.00;  1
22:50:03; 28.30; 36.00;  1
22:51:03; 28.30; 36.00;  1
22:52:04; 28.30; 36.00;  1
22:53:05; 28.30; 36.00;  1
22:54:06; 28.30; 36.00;  1
22:55:06; 28.20; 35.00;  1
22:56:07; 28.30; 36.00;  1
22:57:08; 28.30; 36.00;  1
22:58:09; 28.20; 35.00;  1
22:59:09; 28.20; 35.00;  1
23:00:10; 28.30; 36.00;  1
23:01:11; 28.30; 36.00;  1
23:02:11; 28.30; 36.00;  1
23:03:12; 28.20; 35.00;  1
23:04:13; 28.20; 35.00;  1
23:05:14; 28.20; 35.00;  1
23:06:14; 28.10; 35.00;  1
23:07:15; 28.10; 36.00;  1
23:08:16; 28.10; 36.00;  1
23:09:17; 28.00; 36.00;  0
23:10:17; 28.00; 36.00;  0
23:11:18; 28.00; 36.00;  0
23:12:19; 28.00; 36.00;  0
23:13:20; 28.00; 36.00;  0
23:14:20; 28.00; 36.00;  0
23:15:21; 27.90; 36.00;  0
23:16:22; 27.90; 36.00;  0
23:17:22; 27.90; 36.00;  0
23:18:23; 27.90; 37.00;  0
23:19:24; 27.90; 36.00;  0
23:20:25; 27.90; 36.00;  0
23:21:25; 27.90; 36.00;  0
23:22:26; 27.90; 37.00;  0
23:23:27; 27.80; 37.00;  0
23:24:28; 27.80; 37.00;  0
23:25:28; 27.80; 37.00;  0
23:26:29; 27.80; 37.00;  0
23:27:30; 27.80; 37.00;  0
23:28:31; 27.80; 37.00;  0
23:29:31; 27.80; 37.00;  0
23:30:32; 27.80; 37.00;  0
23:31:33; 27.80; 37.00;  0
23:32:33; 27.80; 37.00;  0
23:33:34; 27.80; 37.00;  0
23:34:35; 27.80; 37.00;  0
23:35:36; 27.80; 37.00;  0
23:36:36; 27.70; 37.00;  0
23:37:37; 27.70; 37.00;  0
23:38:38; 27.70; 37.00;  0
23:39:39; 27.70; 38.00;  0
23:40:39; 27.70; 38.00;  0
23:41:40; 27.70; 37.00;  0
23:42:41; 27.70; 37.00;  0
23:43:42; 27.70; 38.00;  0
23:44:42; 27.70; 38.00;  0
23:45:43; 27.60; 38.00;  0
23:46:44; 27.60; 38.00;  0
23:47:44; 27.60; 38.00;  0
23:48:45; 27.60; 38.00;  0
23:49:46; 27.60; 38.00;  0
23:50:47; 27.60; 38.00;  0
23:51:47; 27.60; 38.00;  0
23:52:48; 27.60; 38.00;  0
23:53:49; 27.60; 41.00;  0
23:54:50; 27.60; 42.00;  0
23:55:50; 27.70; 42.00;  0
23:56:51; 27.70; 42.00;  0
23:57:52; 27.70; 42.00;  0
23:58:53; 27.70; 42.00;  0
23:59:53; 27.70; 42.00;  0
Dia;       Saturday, 06. August 2022;  Hora de Inicio;    00:00:00
00:01:01; 27.70; 42.00;  0
00:02:01; 27.70; 42.00;  0
00:03:01; 27.70; 41.00;  0
00:04:02; 27.70; 41.00;  0
00:05:03; 27.70; 41.00;  0
00:06:03; 27.70; 41.00;  0
00:07:04; 27.70; 41.00;  0
00:08:04; 27.70; 41.00;  0
00:09:05; 27.70; 40.00;  0
00:10:06; 27.70; 40.00;  0
00:11:07; 27.70; 40.00;  0
00:12:07; 27.70; 40.00;  0
00:13:08; 27.70; 40.00;  0
00:14:09; 27.70; 40.00;  0
00:15:10; 27.60; 40.00;  0
00:16:11; 27.60; 40.00;  0
00:17:12; 27.70; 40.00;  0
00:18:13; 27.60; 40.00;  0
00:19:14; 27.70; 40.00;  0
00:20:15; 27.60; 40.00;  0
00:21:16; 27.60; 40.00;  0
00:22:17; 27.60; 40.00;  0
00:23:17; 27.60; 40.00;  0
00:24:18; 27.60; 40.00;  0
00:25:19; 27.60; 40.00;  0
00:26:20; 27.60; 39.00;  0
00:27:21; 27.60; 40.00;  0
00:28:22; 27.60; 39.00;  0
00:29:23; 27.60; 39.00;  0
00:30:24; 27.70; 39.00;  0
00:31:24; 27.60; 39.00;  0
00:32:25; 27.70; 39.00;  0
00:33:25; 27.60; 39.00;  0
00:34:26; 27.60; 39.00;  0
00:35:26; 27.70; 39.00;  0
00:36:27; 27.70; 39.00;  0
00:37:27; 27.70; 39.00;  0
00:38:28; 27.60; 39.00;  0
00:39:28; 27.60; 39.00;  0
00:40:29; 27.60; 39.00;  0
00:41:29; 27.70; 39.00;  0
00:42:30; 27.60; 39.00;  0
00:43:30; 27.60; 39.00;  0
00:44:31; 27.60; 39.00;  0
00:45:31; 27.60; 39.00;  0
00:46:31; 27.60; 39.00;  0
00:47:32; 27.60; 39.00;  0
00:48:32; 27.50; 39.00;  0
00:49:33; 27.60; 39.00;  0
00:50:33; 27.50; 39.00;  0
00:51:34; 27.50; 39.00;  0
00:52:34; 27.60; 38.00;  0
00:53:35; 27.60; 38.00;  0
00:54:35; 27.60; 38.00;  0
00:55:36; 27.60; 38.00;  0
00:56:36; 27.60; 38.00;  0
00:57:37; 27.60; 38.00;  0
00:58:37; 27.60; 38.00;  0
00:59:38; 27.60; 38.00;  0
01:00:38; 27.60; 38.00;  0
01:01:39; 27.60; 38.00;  0
01:02:39; 27.60; 38.00;  0
01:03:40; 27.60; 38.00;  0
01:04:41; 27.60; 38.00;  0
01:05:42; 27.60; 38.00;  0
01:06:42; 27.60; 38.00;  0
01:07:43; 27.70; 37.00;  0
01:08:44; 27.70; 37.00;  0
01:09:45; 27.70; 37.00;  0
01:10:45; 27.60; 38.00;  0
01:11:46; 27.60; 38.00;  0
01:12:47; 27.60; 37.00;  0
01:13:47; 27.60; 38.00;  0
01:14:48; 27.60; 38.00;  0
01:15:49; 27.60; 38.00;  0
01:16:50; 27.60; 38.00;  0
01:17:51; 27.60; 38.00;  0
01:18:51; 27.60; 38.00;  0
01:19:52; 27.60; 38.00;  0
01:20:53; 27.60; 38.00;  0
01:21:53; 27.50; 38.00;  0
01:22:54; 27.60; 38.00;  0
01:23:55; 27.50; 38.00;  0
01:24:56; 27.50; 38.00;  0
01:25:56; 27.50; 38.00;  0
01:26:57; 27.60; 38.00;  0
01:27:58; 27.60; 37.00;  0
01:28:58; 27.50; 37.00;  0
01:29:59; 27.50; 37.00;  0
01:31:00; 27.50; 37.00;  0
01:32:01; 27.60; 37.00;  0
01:33:01; 27.60; 37.00;  0
01:34:02; 27.60; 37.00;  0
01:35:02; 27.60; 37.00;  0
01:36:03; 27.60; 37.00;  0
01:37:04; 27.60; 37.00;  0
01:38:05; 27.60; 37.00;  0
01:39:06; 27.60; 37.00;  0
01:40:07; 27.70; 37.00;  0
01:41:07; 27.80; 37.00;  0
01:42:08; 27.70; 36.00;  0
01:43:08; 27.60; 36.00;  0
01:44:09; 27.60; 36.00;  0
01:45:10; 27.50; 36.00;  0
01:46:11; 27.50; 36.00;  0
01:47:12; 27.50; 37.00;  0
01:48:12; 27.60; 36.00;  0
01:49:13; 27.60; 37.00;  0
01:50:13; 27.60; 37.00;  0
01:51:14; 27.50; 37.00;  0
01:52:15; 27.40; 37.00;  0
01:53:16; 27.40; 37.00;  0
01:54:17; 27.40; 37.00;  0
01:55:18; 27.40; 37.00;  0
01:56:18; 27.40; 37.00;  0
01:57:19; 27.40; 37.00;  0
01:58:19; 27.40; 37.00;  0
01:59:20; 27.40; 37.00;  0
02:00:21; 27.40; 37.00;  0
02:01:22; 27.30; 37.00;  0
02:02:23; 27.40; 38.00;  0
02:03:24; 27.40; 37.00;  0
02:04:24; 27.30; 37.00;  0
02:05:25; 27.30; 37.00;  0
02:06:26; 27.30; 37.00;  0
02:07:27; 27.30; 37.00;  0
02:08:28; 27.20; 36.00;  0
02:09:29; 27.20; 36.00;  0
02:10:30; 27.30; 37.00;  0
02:11:31; 27.20; 36.00;  0
02:12:31; 27.20; 36.00;  0
02:13:32; 27.20; 37.00;  0
02:14:33; 27.20; 36.00;  0
02:15:34; 27.10; 36.00;  0
02:16:35; 27.10; 36.00;  0
02:17:36; 27.10; 36.00;  0
02:18:37; 27.10; 36.00;  0
02:19:38; 27.10; 36.00;  0
02:20:38; 27.20; 36.00;  0
02:21:39; 27.10; 36.00;  0
02:22:40; 27.10; 37.00;  0
02:23:41; 27.10; 37.00;  0
02:24:42; 27.10; 37.00;  0
02:25:43; 27.10; 36.00;  0
02:26:43; 27.10; 37.00;  0
02:27:44; 27.10; 37.00;  0
02:28:45; 27.10; 37.00;  0
02:29:46; 27.10; 37.00;  0
02:30:47; 27.00; 37.00;  0
02:31:48; 27.10; 37.00;  0
02:32:49; 27.00; 37.00;  0
02:33:50; 27.10; 37.00;  0
02:34:51; 27.10; 37.00;  0
02:35:51; 27.00; 37.00;  0
02:36:52; 27.10; 37.00;  0
02:37:53; 27.00; 37.00;  0
02:38:54; 27.10; 37.00;  0
02:39:55; 27.00; 37.00;  0
02:40:56; 27.00; 37.00;  0
02:41:56; 27.00; 38.00;  0
02:42:57; 27.00; 37.00;  0
02:43:58; 27.00; 37.00;  0
02:44:59; 27.00; 37.00;  0
02:46:01; 27.00; 37.00;  0
02:47:02; 27.00; 37.00;  0
02:48:03; 26.90; 37.00;  0
02:49:04; 27.00; 37.00;  0
02:50:04; 27.00; 38.00;  0
02:51:06; 26.90; 37.00;  0
02:52:07; 27.00; 38.00;  0
02:53:08; 27.00; 38.00;  0
02:54:09; 26.90; 37.00;  0
02:55:10; 27.00; 38.00;  0
02:56:11; 27.00; 38.00;  0
02:57:12; 27.00; 38.00;  0
02:58:13; 27.00; 38.00;  0
02:59:14; 27.00; 38.00;  0
03:00:15; 27.00; 38.00;  0
03:01:16; 26.90; 38.00;  0
03:02:17; 27.00; 38.00;  0
03:03:18; 26.90; 38.00;  0
03:04:18; 26.90; 39.00;  0
03:05:19; 26.90; 38.00;  0
03:06:20; 26.90; 38.00;  0
03:07:21; 26.80; 38.00;  0
03:08:22; 26.80; 38.00;  0
03:09:23; 26.80; 38.00;  0
03:10:24; 26.70; 38.00;  0
03:11:25; 26.70; 38.00;  0
03:12:25; 26.70; 38.00;  0
03:13:26; 26.70; 38.00;  0
03:14:27; 26.70; 39.00;  0
03:15:28; 26.70; 38.00;  0
03:16:29; 26.70; 38.00;  0
03:17:30; 26.80; 38.00;  0
03:18:31; 26.70; 38.00;  0
03:19:32; 26.80; 38.00;  0
03:20:32; 26.80; 38.00;  0
03:21:33; 26.80; 38.00;  0
03:22:34; 26.70; 38.00;  0
03:23:35; 26.70; 38.00;  0
03:24:36; 26.70; 38.00;  0
03:25:37; 26.80; 38.00;  0
03:26:37; 26.70; 38.00;  0
03:27:39; 26.70; 38.00;  0
03:28:40; 26.70; 38.00;  0
03:29:41; 26.70; 38.00;  0
03:30:42; 26.70; 38.00;  0
03:31:43; 26.70; 38.00;  0
03:32:44; 26.70; 38.00;  0
03:33:46; 26.60; 39.00;  0
03:34:47; 26.60; 39.00;  0
03:35:47; 26.50; 39.00;  0
03:36:48; 26.40; 39.00;  0
03:37:50; 26.40; 39.00;  0
03:38:51; 26.40; 39.00;  0
03:39:53; 26.40; 40.00;  0
03:40:54; 26.40; 39.00;  0
03:41:54; 26.40; 39.00;  0
03:42:55; 26.50; 39.00;  0
03:43:56; 26.60; 39.00;  0
03:44:57; 26.60; 39.00;  0
03:45:58; 26.60; 39.00;  0
03:46:59; 26.60; 39.00;  0
03:48:00; 26.50; 39.00;  0
03:49:01; 26.60; 39.00;  0
03:50:01; 26.50; 39.00;  0
03:51:02; 26.50; 39.00;  0
03:52:03; 26.50; 39.00;  0
03:53:05; 26.50; 39.00;  0
03:54:07; 26.40; 39.00;  0
03:55:09; 26.40; 40.00;  0
03:56:09; 26.40; 39.00;  0
03:57:10; 26.40; 39.00;  0
03:58:11; 26.40; 39.00;  0
03:59:13; 26.40; 39.00;  0
04:00:14; 26.40; 39.00;  0
04:01:16; 26.40; 39.00;  0
04:02:17; 26.40; 39.00;  0
04:03:18; 26.50; 39.00;  0
04:04:19; 26.50; 39.00;  0
04:05:20; 26.50; 39.00;  0
04:06:22; 26.50; 40.00;  0
04:07:23; 26.50; 39.00;  0
04:08:23; 26.50; 40.00;  0
04:09:24; 26.40; 39.00;  0
04:10:25; 26.40; 39.00;  0
04:11:26; 26.40; 39.00;  0
04:12:27; 26.40; 39.00;  0
04:13:29; 26.40; 39.00;  0
